season,week,game_id,matchup,market,selection,line,price,model_prob,ev,stake_pct,result,profit,confidence
2015,2,2015_02_ATL_NYG,ATL @ NYG,TOTAL,under,49.5,1.9346,0.54755,5.93,1,win,0.9346000000000001,0.4551
2015,2,2015_02_SF_PIT,SF @ PIT,TOTAL,over,46.0,1.9524,0.545,6.41,1,win,0.9523999999999999,0.4551
2015,2,2015_02_MIA_JAX,MIA @ JAX,TOTAL,under,42.5,1.9524,0.53087,3.65,1,lose,-1,0.4551
2015,3,2015_03_SD_MIN,SD @ MIN,SPREAD,SD,2.5,1.9091,0.553574,5.68,1,lose,-1,0.3526
2015,3,2015_03_SD_MIN,SD @ MIN,TOTAL,under,45.5,1.9524,0.545,6.41,1,win,0.9523999999999999,0.3526
2015,3,2015_03_CHI_SEA,CHI @ SEA,SPREAD,CHI,16.5,1.9091,0.552934,5.56,1,lose,-1,0.3351
2015,3,2015_03_CHI_SEA,CHI @ SEA,TOTAL,under,43.5,1.9709,0.53174,4.8,1,win,0.9709000000000001,0.3351
2015,4,2015_04_NYG_BUF,NYG @ BUF,SPREAD,NYG,6.0,1.9524,0.53832,5.1,1,win,0.9523999999999999,0.4551
2015,4,2015_04_OAK_CHI,OAK @ CHI,TOTAL,under,44.5,2.01,0.537316,8.0,1,win,1.0099999999999998,0.3526
2015,4,2015_04_PHI_WAS,PHI @ WAS,SPREAD,WAS,3.0,1.885,0.556705,4.94,1,win,0.885,0.4551
2015,4,2015_04_MIN_DEN,MIN @ DEN,TOTAL,under,43.5,1.9804,0.54116,7.17,1,win,0.9803999999999999,0.4551
2015,4,2015_04_GB_SF,GB @ SF,SPREAD,SF,7.5,1.885,0.550705,3.81,1,lose,-1,0.4551
2015,4,2015_04_GB_SF,GB @ SF,TOTAL,over,48.0,1.9346,0.54755,5.93,1,lose,-1,0.4551
2015,5,2015_05_IND_HOU,IND @ HOU,SPREAD,IND,4.5,1.9009,0.538862,2.43,1,win,0.9009,0.61
2015,5,2015_05_CLE_BAL,CLE @ BAL,SPREAD,CLE,6.0,2.0,0.530226,6.05,1,win,1.0,0.5551
2015,5,2015_05_SEA_CIN,SEA @ CIN,SPREAD,CIN,-3.0,1.9901,0.533514,6.17,1,null,0.0,0.5551
2015,5,2015_05_SEA_CIN,SEA @ CIN,TOTAL,over,44.5,1.9091,0.546758,4.38,1,win,0.9091,0.5551
2015,5,2015_05_STL_GB,STL @ GB,SPREAD,STL,8.5,1.9091,0.541054,3.29,1,lose,-1,0.4526
2015,5,2015_05_STL_GB,STL @ GB,TOTAL,over,45.0,2.0,0.538607,7.72,1,lose,-1,0.4526
2015,5,2015_05_CHI_KC,CHI @ KC,TOTAL,under,44.0,1.9524,0.545,6.41,1,win,0.9523999999999999,0.5551
2015,5,2015_05_BUF_TEN,BUF @ TEN,SPREAD,TEN,-1.0,1.9709,0.541258,6.68,1,lose,-1,0.5551
2015,5,2015_05_ARI_DET,ARI @ DET,SPREAD,DET,4.5,1.9524,0.52656,2.81,1,lose,-1,0.5551
2015,5,2015_05_NE_DAL,NE @ DAL,SPREAD,DAL,8.0,1.9804,0.533291,5.61,1,lose,-1,0.5551
2015,5,2015_05_NE_DAL,NE @ DAL,TOTAL,over,51.0,1.9524,0.545,6.41,1,lose,-1,0.5551
2015,5,2015_05_DEN_OAK,DEN @ OAK,TOTAL,under,44.5,2.0,0.533927,6.79,1,win,1.0,0.4526
2015,5,2015_05_PIT_SD,PIT @ SD,SPREAD,SD,-4.0,1.9615,0.525274,3.03,1,lose,-1,0.3326
2015,6,2015_06_CHI_DET,CHI @ DET,TOTAL,under,45.0,1.9709,0.54245,6.91,1,lose,-1,0.95
2015,6,2015_06_KC_MIN,KC @ MIN,TOTAL,over,43.0,1.9259,0.548165,5.57,1,lose,-1,0.7408
2015,6,2015_06_ARI_PIT,ARI @ PIT,TOTAL,under,45.0,1.9174,0.550102,5.48,1,win,0.9174,0.673
2015,6,2015_06_CAR_SEA,CAR @ SEA,TOTAL,over,41.0,1.9615,0.536331,5.2,1,win,0.9615,0.7408
2015,6,2015_06_NE_IND,NE @ IND,SPREAD,IND,8.0,1.9434,0.545166,5.95,1,win,0.9434,0.7408
2015,7,2015_07_MIN_DET,MIN @ DET,TOTAL,under,44.5,1.9804,0.53522,5.99,1,lose,-1,0.95
2015,7,2015_07_PIT_KC,PIT @ KC,SPREAD,KC,-4.0,1.9346,0.546582,5.74,1,win,0.9346000000000001,0.83
2015,7,2015_07_PIT_KC,PIT @ KC,TOTAL,under,41.5,1.9346,0.54755,5.93,1,win,0.9346000000000001,0.83
2015,7,2015_07_NYJ_NE,NYJ @ NE,SPREAD,NYJ,7.0,1.8333,0.560789,2.81,1,null,0.0,0.95
2015,7,2015_07_OAK_SD,OAK @ SD,SPREAD,OAK,3.5,1.9259,0.542189,4.42,1,win,0.9259,0.35
2015,7,2015_07_OAK_SD,OAK @ SD,TOTAL,under,48.0,1.9259,0.54884,5.7,1,lose,-1,0.35
2015,7,2015_07_PHI_CAR,PHI @ CAR,TOTAL,under,46.0,1.9524,0.538385,5.11,1,win,0.9523999999999999,0.95
2015,7,2015_07_BAL_ARI,BAL @ ARI,SPREAD,BAL,10.0,1.9259,0.540349,4.07,1,win,0.9259,0.95
2015,8,2015_08_TB_ATL,TB @ ATL,SPREAD,TB,8.0,1.8772,0.547533,2.78,1,win,0.8772,0.95
2015,8,2015_08_ARI_CLE,ARI @ CLE,SPREAD,CLE,7.0,1.9091,0.539614,3.02,1,lose,-1,0.87
2015,8,2015_08_NYJ_OAK,NYJ @ OAK,TOTAL,over,43.5,1.9346,0.54422,5.28,1,win,0.9346000000000001,0.6162
2015,8,2015_08_SEA_DAL,SEA @ DAL,TOTAL,over,41.5,1.9524,0.539015,5.24,1,lose,-1,0.95
2015,8,2015_08_IND_CAR,IND @ CAR,TOTAL,over,44.5,1.9091,0.541853,3.45,1,win,0.9091,0.95
2015,9,2015_09_MIA_BUF,MIA @ BUF,TOTAL,over,44.0,1.9434,0.546289,6.17,1,win,0.9434,0.95
2015,9,2015_09_JAX_NYJ,JAX @ NYJ,SPREAD,JAX,7.5,1.9434,0.537166,4.39,1,win,0.9434,0.95
2015,9,2015_09_OAK_PIT,OAK @ PIT,TOTAL,under,47.5,1.9346,0.546695,5.76,1,lose,-1,0.6162
2015,9,2015_09_ATL_SF,ATL @ SF,TOTAL,over,43.5,1.9091,0.551393,5.27,1,lose,-1,0.95
2015,9,2015_09_PHI_DAL,PHI @ DAL,TOTAL,under,43.5,1.9434,0.530314,3.06,1,lose,-1,0.95
2015,9,2015_09_CHI_SD,CHI @ SD,TOTAL,under,49.0,1.9091,0.545633,4.17,1,win,0.9091,0.6162
2015,10,2015_10_CLE_PIT,CLE @ PIT,SPREAD,CLE,7.0,1.9524,0.53556,4.56,1,lose,-1,0.95
2015,10,2015_10_CLE_PIT,CLE @ PIT,TOTAL,under,43.5,2.01,0.537316,8.0,1,win,1.0099999999999998,0.95
2015,10,2015_10_CHI_STL,CHI @ STL,SPREAD,CHI,7.5,1.9804,0.538131,6.57,1,win,0.9803999999999999,0.6162
2015,10,2015_10_NE_NYG,NE @ NYG,SPREAD,NYG,7.0,1.9434,0.535926,4.15,1,win,0.9434,0.95
2015,11,2015_11_WAS_CAR,WAS @ CAR,TOTAL,over,44.0,1.9709,0.54245,6.91,1,win,0.9709000000000001,0.95
2015,11,2015_11_NYJ_HOU,NYJ @ HOU,SPREAD,NYJ,-4.0,1.9709,0.536618,5.76,1,lose,-1,0.83
2015,11,2015_11_KC_SD,KC @ SD,TOTAL,over,45.5,1.9174,0.550102,5.48,1,lose,-1,0.6162
2015,11,2015_11_CIN_ARI,CIN @ ARI,TOTAL,over,48.0,1.885,0.55452,4.53,1,win,0.885,0.95
2015,12,2015_12_PHI_DET,PHI @ DET,SPREAD,PHI,3.0,1.9174,0.540766,3.69,1,lose,-1,0.95
2015,12,2015_12_PHI_DET,PHI @ DET,TOTAL,under,46.5,1.9091,0.551393,5.27,1,lose,-1,0.95
2015,12,2015_12_CAR_DAL,CAR @ DAL,SPREAD,CAR,-1.0,1.9524,0.53328,4.12,1,win,0.9523999999999999,0.95
2015,12,2015_12_CAR_DAL,CAR @ DAL,TOTAL,over,44.5,1.9091,0.543248,3.71,1,win,0.9091,0.95
2015,12,2015_12_SD_JAX,SD @ JAX,TOTAL,under,47.0,1.9524,0.540815,5.59,1,lose,-1,0.6162
2015,12,2015_12_NE_DEN,NE @ DEN,TOTAL,under,43.0,1.9434,0.536704,4.3,1,lose,-1,0.83
2015,13,2015_13_HOU_BUF,HOU @ BUF,TOTAL,over,42.0,1.9524,0.54068,5.56,1,win,0.9523999999999999,0.95
2015,13,2015_13_CIN_CLE,CIN @ CLE,SPREAD,CLE,7.5,1.8696,0.559482,4.6,1,lose,-1,0.95
2015,13,2015_13_SEA_MIN,SEA @ MIN,TOTAL,over,43.0,1.9524,0.532805,4.02,1,win,0.9523999999999999,0.95
2015,13,2015_13_NYJ_NYG,NYJ @ NYG,SPREAD,NYG,2.0,1.9524,0.52644,2.78,1,lose,-1,0.95
2015,13,2015_13_ATL_TB,ATL @ TB,TOTAL,under,46.5,1.9434,0.532699,3.52,1,win,0.9434,0.95
2015,13,2015_13_KC_OAK,KC @ OAK,TOTAL,over,45.5,1.9615,0.533676,4.68,1,win,0.9615,0.6162
2015,14,2015_14_MIN_ARI,MIN @ ARI,SPREAD,MIN,10.0,1.9524,0.52908,3.3,1,win,0.9523999999999999,0.95
2015,14,2015_14_SEA_BAL,SEA @ BAL,SPREAD,BAL,10.5,1.8475,0.565004,4.38,1,lose,-1,0.95
2015,14,2015_14_ATL_CAR,ATL @ CAR,SPREAD,ATL,8.5,1.9901,0.537754,7.02,1,lose,-1,0.95
2015,14,2015_14_PIT_CIN,PIT @ CIN,TOTAL,over,49.0,1.9524,0.54095,5.62,1,win,0.9523999999999999,0.95
2015,14,2015_14_NO_TB,NO @ TB,SPREAD,NO,6.0,1.9804,0.532411,5.44,1,win,0.9803999999999999,0.95
2015,14,2015_14_NE_HOU,NE @ HOU,TOTAL,over,46.0,1.9524,0.545,6.41,1,lose,-1,0.95
2015,14,2015_14_NYG_MIA,NYG @ MIA,SPREAD,MIA,2.5,1.9174,0.542046,3.93,1,lose,-1,0.95
2015,15,2015_15_NYJ_DAL,NYJ @ DAL,TOTAL,under,41.0,1.885,0.55452,4.53,1,win,0.885,0.83
2015,15,2015_15_KC_BAL,KC @ BAL,SPREAD,BAL,6.5,1.9524,0.54532,6.47,1,lose,-1,0.95
2015,15,2015_15_CHI_MIN,CHI @ MIN,SPREAD,CHI,4.0,1.9524,0.5266,2.81,1,lose,-1,0.95
2015,15,2015_15_CHI_MIN,CHI @ MIN,TOTAL,over,43.5,1.9259,0.53966,3.93,1,win,0.9259,0.95
2015,15,2015_15_CAR_NYG,CAR @ NYG,TOTAL,over,46.5,1.9615,0.543711,6.65,1,win,0.9615,0.95
2015,15,2015_15_GB_OAK,GB @ OAK,SPREAD,OAK,4.0,1.9615,0.543394,6.59,1,lose,-1,0.6162
2015,15,2015_15_DET_NO,DET @ NO,TOTAL,under,52.0,1.9804,0.532205,5.4,1,lose,-1,0.95
2015,16,2015_16_SD_OAK,SD @ OAK,SPREAD,SD,4.0,1.9524,0.52692,2.88,1,win,0.9523999999999999,0.27
2015,16,2015_16_SD_OAK,SD @ OAK,TOTAL,under,45.0,2.0,0.538607,7.72,1,win,1.0,0.27
2015,16,2015_16_WAS_PHI,WAS @ PHI,SPREAD,WAS,3.5,1.9901,0.527794,5.04,1,win,0.9901,0.95
2015,16,2015_16_WAS_PHI,WAS @ PHI,TOTAL,under,48.0,1.9709,0.53363,5.17,1,lose,-1,0.95
2015,16,2015_16_CAR_ATL,CAR @ ATL,SPREAD,ATL,7.0,1.885,0.556025,4.81,1,win,0.885,0.95
2015,16,2015_16_DAL_BUF,DAL @ BUF,TOTAL,under,42.0,1.9091,0.551393,5.27,1,win,0.9091,0.83
2015,16,2015_16_CLE_KC,CLE @ KC,SPREAD,CLE,11.5,1.9709,0.537818,6.0,1,win,0.9709000000000001,0.95
2015,16,2015_16_NE_NYJ,NE @ NYJ,TOTAL,over,45.5,1.9091,0.551123,5.21,1,win,0.9091,0.95
2015,16,2015_16_CHI_TB,CHI @ TB,TOTAL,over,44.0,1.9259,0.54884,5.7,1,win,0.9259,0.95
2015,16,2015_16_JAX_NO,JAX @ NO,SPREAD,JAX,2.5,1.9709,0.542298,6.88,1,lose,-1,0.95
2015,16,2015_16_JAX_NO,JAX @ NO,TOTAL,under,52.5,1.9346,0.54755,5.93,1,lose,-1,0.95
2015,16,2015_16_NYG_MIN,NYG @ MIN,TOTAL,over,44.5,2.0,0.538607,7.72,1,win,1.0,0.95
2015,17,2015_17_NO_ATL,NO @ ATL,SPREAD,NO,6.0,1.9434,0.537846,4.52,1,win,0.9434,0.95
2015,17,2015_17_NO_ATL,NO @ ATL,TOTAL,under,53.5,1.9346,0.53468,3.44,1,win,0.9346000000000001,0.95
2015,17,2015_17_PIT_CLE,PIT @ CLE,SPREAD,CLE,13.0,1.8772,0.550093,3.26,1,lose,-1,0.83
2015,17,2015_17_JAX_HOU,JAX @ HOU,SPREAD,JAX,5.0,1.9804,0.529931,4.95,1,lose,-1,0.95
2015,17,2015_17_NE_MIA,NE @ MIA,SPREAD,MIA,10.0,1.8696,0.561082,4.9,1,win,0.8695999999999999,0.95
2015,17,2015_17_SEA_ARI,SEA @ ARI,SPREAD,SEA,6.0,1.9174,0.541086,3.75,1,win,0.9174,0.95
2015,17,2015_17_TB_CAR,TB @ CAR,SPREAD,TB,10.0,1.8475,0.565044,4.39,1,lose,-1,0.95
2016,2,2016_02_TB_ARI,TB @ ARI,TOTAL,under,49.5,1.9524,0.54455,6.32,1,win,0.9523999999999999,0.4551
2016,2,2016_02_SF_CAR,SF @ CAR,TOTAL,under,44.5,1.9259,0.54884,5.7,1,lose,-1,0.4551
2016,2,2016_02_TEN_DET,TEN @ DET,SPREAD,TEN,6.0,1.9804,0.538611,6.67,1,win,0.9803999999999999,0.4551
2016,2,2016_02_KC_HOU,KC @ HOU,TOTAL,over,41.5,1.9524,0.53096,3.66,1,lose,-1,0.4551
2016,2,2016_02_MIA_NE,MIA @ NE,SPREAD,MIA,5.5,1.9259,0.552189,6.35,1,lose,-1,0.4551
2016,2,2016_02_DAL_WAS,DAL @ WAS,SPREAD,WAS,-3.5,1.9804,0.536251,6.2,1,lose,-1,0.3351
2016,3,2016_03_HOU_NE,HOU @ NE,TOTAL,under,38.5,1.9434,0.541834,5.3,1,win,0.9434,0.4551
2016,3,2016_03_MIN_CAR,MIN @ CAR,TOTAL,under,43.0,1.9615,0.536736,5.28,1,win,0.9615,0.4551
2016,4,2016_04_TEN_HOU,TEN @ HOU,SPREAD,TEN,4.0,1.9524,0.53224,3.91,1,lose,-1,0.4551
2016,4,2016_04_SEA_NYJ,SEA @ NYJ,SPREAD,SEA,-1.0,1.9524,0.53572,4.59,1,win,0.9523999999999999,0.3351
2016,4,2016_04_LA_ARI,LA @ ARI,SPREAD,LA,10.0,1.8772,0.559733,5.07,1,win,0.8772,0.4551
2016,5,2016_05_WAS_BAL,WAS @ BAL,TOTAL,under,44.5,1.9434,0.544039,5.73,1,win,0.9434,0.5551
2016,5,2016_05_CHI_IND,CHI @ IND,SPREAD,IND,-4.0,1.9524,0.54676,6.75,1,win,0.9523999999999999,0.5551
2016,5,2016_05_TEN_MIA,TEN @ MIA,SPREAD,TEN,2.5,1.9804,0.534331,5.82,1,win,0.9803999999999999,0.5551
2016,5,2016_05_BUF_LA,BUF @ LA,SPREAD,LA,2.5,1.9524,0.53768,4.98,1,lose,-1,0.5551
2016,5,2016_05_SD_OAK,SD @ OAK,SPREAD,SD,3.5,1.9901,0.535514,6.57,1,win,0.9901,0.35
2016,5,2016_05_TB_CAR,TB @ CAR,SPREAD,TB,6.0,1.9346,0.540462,4.56,1,win,0.9346000000000001,0.4351
2016,6,2016_06_DEN_SD,DEN @ SD,SPREAD,SD,3.0,1.9091,0.554974,5.95,1,win,0.9091,0.6162
2016,6,2016_06_NYJ_ARI,NYJ @ ARI,TOTAL,under,46.0,1.9615,0.543711,6.65,1,win,0.9615,0.95
2016,7,2016_07_MIN_PHI,MIN @ PHI,TOTAL,under,39.0,1.9524,0.545,6.41,1,win,0.9523999999999999,0.87
2016,7,2016_07_SD_ATL,SD @ ATL,SPREAD,ATL,-4.5,1.9346,0.532342,2.99,1,lose,-1,0.6162
2016,7,2016_07_HOU_DEN,HOU @ DEN,SPREAD,HOU,8.5,1.9346,0.541142,4.69,1,lose,-1,0.95
2016,7,2016_07_HOU_DEN,HOU @ DEN,TOTAL,under,40.0,1.8696,0.556992,4.14,1,win,0.8695999999999999,0.95
2016,8,2016_08_JAX_TEN,JAX @ TEN,TOTAL,under,43.5,1.9709,0.54245,6.91,1,lose,-1,0.95
2016,8,2016_08_WAS_CIN,WAS @ CIN,TOTAL,under,49.0,1.885,0.55452,4.53,1,lose,-1,0.95
2016,8,2016_08_ARI_CAR,ARI @ CAR,SPREAD,CAR,-2.5,1.9091,0.545214,4.09,1,win,0.9091,0.95
2016,8,2016_08_DET_HOU,DET @ HOU,TOTAL,under,46.5,1.9524,0.543425,6.1,1,win,0.9523999999999999,0.95
2016,8,2016_08_KC_IND,KC @ IND,SPREAD,IND,3.0,1.8403,0.554296,2.01,1,lose,-1,0.95
2016,8,2016_08_MIN_CHI,MIN @ CHI,SPREAD,CHI,5.5,1.9434,0.549406,6.77,1,win,0.9434,0.95
2016,9,2016_09_DET_MIN,DET @ MIN,SPREAD,DET,4.0,1.9091,0.543614,3.78,1,win,0.9091,0.95
2016,9,2016_09_PHI_NYG,PHI @ NYG,SPREAD,PHI,3.0,1.9091,0.554974,5.95,1,lose,-1,0.95
2016,9,2016_09_TEN_SD,TEN @ SD,SPREAD,TEN,3.5,1.9346,0.548262,6.07,1,lose,-1,0.6162
2016,10,2016_10_ATL_PHI,ATL @ PHI,SPREAD,ATL,2.0,1.9524,0.53148,3.77,1,lose,-1,0.95
2016,10,2016_10_MIA_SD,MIA @ SD,SPREAD,MIA,4.0,1.9091,0.549854,4.97,1,win,0.9091,0.6162
2016,11,2016_11_NO_CAR,NO @ CAR,SPREAD,NO,3.5,1.9434,0.525686,2.16,1,win,0.9434,0.95
2016,11,2016_11_BAL_DAL,BAL @ DAL,SPREAD,DAL,-7.0,1.9259,0.552189,6.35,1,win,0.9259,0.95
2016,11,2016_11_TEN_IND,TEN @ IND,TOTAL,under,53.5,1.9259,0.546905,5.33,1,win,0.9259,0.95
2016,11,2016_11_ARI_MIN,ARI @ MIN,TOTAL,under,39.5,1.9346,0.545885,5.61,1,lose,-1,0.95
2016,11,2016_11_MIA_LA,MIA @ LA,TOTAL,under,39.0,1.9259,0.54038,4.07,1,win,0.9259,0.95
2016,11,2016_11_GB_WAS,GB @ WAS,SPREAD,WAS,-2.5,1.9091,0.554974,5.95,1,win,0.9091,0.87
2016,12,2016_12_MIN_DET,MIN @ DET,TOTAL,under,42.0,1.9091,0.540953,3.27,1,win,0.9091,0.95
2016,12,2016_12_WAS_DAL,WAS @ DAL,SPREAD,WAS,5.5,1.9524,0.5434,6.09,1,win,0.9523999999999999,0.95
2016,12,2016_12_JAX_BUF,JAX @ BUF,SPREAD,JAX,8.5,1.885,0.556305,4.86,1,win,0.885,0.95
2016,12,2016_12_KC_DEN,KC @ DEN,SPREAD,DEN,-3.5,2.02,0.526215,6.3,1,lose,-1,0.87
2016,12,2016_12_KC_DEN,KC @ DEN,TOTAL,under,40.0,2.0,0.534962,6.99,1,lose,-1,0.87
2016,13,2016_13_KC_ATL,KC @ ATL,SPREAD,ATL,-5.0,1.9434,0.530246,3.05,1,lose,-1,0.95
2016,13,2016_13_HOU_GB,HOU @ GB,SPREAD,HOU,7.0,1.9434,0.542486,5.43,1,lose,-1,0.95
2016,13,2016_13_DET_NO,DET @ NO,SPREAD,DET,6.5,1.9804,0.527251,4.42,1,win,0.9803999999999999,0.95
2016,13,2016_13_NYG_PIT,NYG @ PIT,SPREAD,NYG,7.0,1.9524,0.53676,4.8,1,lose,-1,0.87
2016,13,2016_13_TB_SD,TB @ SD,SPREAD,TB,3.5,1.885,0.543385,2.43,1,win,0.885,0.6162
2016,14,2016_14_PIT_BUF,PIT @ BUF,TOTAL,under,45.5,1.9091,0.551393,5.27,1,lose,-1,0.95
2016,14,2016_14_CHI_DET,CHI @ DET,TOTAL,under,42.0,1.9259,0.543935,4.76,1,win,0.9259,0.95
2016,14,2016_14_DEN_TEN,DEN @ TEN,SPREAD,TEN,-2.0,1.9091,0.554974,5.95,1,win,0.9091,0.95
2016,14,2016_14_NO_TB,NO @ TB,SPREAD,NO,2.0,2.0,0.526946,5.39,1,lose,-1,0.95
2016,15,2016_15_PHI_BAL,PHI @ BAL,TOTAL,under,41.0,1.9524,0.545,6.41,1,lose,-1,0.95
2016,15,2016_15_CLE_BUF,CLE @ BUF,SPREAD,CLE,10.5,1.9346,0.535822,3.66,1,lose,-1,0.95
2016,15,2016_15_PIT_CIN,PIT @ CIN,SPREAD,CIN,3.0,1.9091,0.550014,5.0,1,lose,-1,0.95
2016,15,2016_15_IND_MIN,IND @ MIN,SPREAD,IND,5.0,1.9804,0.531051,5.17,1,win,0.9803999999999999,0.95
2016,15,2016_15_DET_NYG,DET @ NYG,TOTAL,under,42.5,2.0,0.538607,7.72,1,win,1.0,0.95
2016,15,2016_15_NO_ARI,NO @ ARI,SPREAD,NO,3.0,1.9524,0.5398,5.39,1,win,0.9523999999999999,0.95
2016,15,2016_15_SF_ATL,SF @ ATL,SPREAD,SF,13.5,2.0,0.533506,6.7,1,lose,-1,0.95
2016,15,2016_15_NE_DEN,NE @ DEN,SPREAD,DEN,3.0,1.885,0.558385,5.26,1,lose,-1,0.95
2016,15,2016_15_TB_DAL,TB @ DAL,TOTAL,under,47.5,1.8621,0.558203,3.94,1,win,0.8621000000000001,0.95
2016,15,2016_15_CAR_WAS,CAR @ WAS,SPREAD,CAR,7.0,1.9174,0.544646,4.43,1,win,0.9174,0.95
2016,16,2016_16_MIA_BUF,MIA @ BUF,SPREAD,BUF,-4.5,1.9259,0.535349,3.1,1,lose,-1,0.83
2016,16,2016_16_SD_CLE,SD @ CLE,SPREAD,CLE,4.5,1.9346,0.535582,3.61,1,win,0.9346000000000001,0.6162
2016,16,2016_16_TEN_JAX,TEN @ JAX,SPREAD,TEN,-4.0,1.9524,0.5252,2.54,1,lose,-1,0.95
2016,16,2016_16_SF_LA,SF @ LA,TOTAL,under,39.5,1.9524,0.545,6.41,1,lose,-1,0.95
2016,16,2016_16_ARI_SEA,ARI @ SEA,TOTAL,under,43.5,1.9524,0.545,6.41,1,lose,-1,0.95
2016,16,2016_16_BAL_PIT,BAL @ PIT,SPREAD,BAL,5.5,1.9709,0.534298,5.3,1,win,0.9709000000000001,0.95
2016,16,2016_16_DEN_KC,DEN @ KC,TOTAL,under,38.5,1.9524,0.545,6.41,1,lose,-1,0.95
2016,16,2016_16_DET_DAL,DET @ DAL,TOTAL,under,47.0,1.9709,0.53345,5.14,1,lose,-1,0.95
2016,17,2016_17_BAL_CIN,BAL @ CIN,TOTAL,under,40.5,1.9259,0.54884,5.7,1,win,0.9259,0.95
2016,17,2016_17_BUF_NYJ,BUF @ NYJ,SPREAD,BUF,-3.5,1.9259,0.552189,6.35,1,lose,-1,0.95
2016,17,2016_17_DAL_PHI,DAL @ PHI,SPREAD,DAL,6.5,1.8772,0.546413,2.57,1,lose,-1,0.95
2016,17,2016_17_CLE_PIT,CLE @ PIT,SPREAD,PIT,-3.5,1.9091,0.553814,5.73,1,lose,-1,0.95
2016,17,2016_17_HOU_TEN,HOU @ TEN,SPREAD,TEN,-3.0,1.8772,0.559733,5.07,1,win,0.8772,0.95
2016,17,2016_17_ARI_LA,ARI @ LA,SPREAD,LA,7.0,1.885,0.545665,2.86,1,lose,-1,0.95
2016,17,2016_17_KC_SD,KC @ SD,SPREAD,SD,5.5,1.9709,0.533538,5.16,1,lose,-1,0.6162
2016,17,2016_17_GB_DET,GB @ DET,SPREAD,DET,3.5,1.9804,0.532571,5.47,1,lose,-1,0.95
2017,2,2017_02_BUF_CAR,BUF @ CAR,SPREAD,BUF,6.5,1.9615,0.525154,3.01,1,win,0.9615,0.4551
2017,2,2017_02_PHI_KC,PHI @ KC,SPREAD,PHI,4.0,1.9524,0.53348,4.16,1,lose,-1,0.4551
2017,2,2017_02_MIN_PIT,MIN @ PIT,SPREAD,MIN,8.5,1.9615,0.533834,4.71,1,lose,-1,0.4551
2017,2,2017_02_CHI_TB,CHI @ TB,SPREAD,TB,-7.0,1.9091,0.543494,3.76,1,win,0.9091,0.3526
2017,2,2017_02_DAL_DEN,DAL @ DEN,SPREAD,DAL,-2.5,2.0,0.528386,5.68,1,lose,-1,0.3351
2017,2,2017_02_WAS_LA,WAS @ LA,SPREAD,LA,-3.0,1.9615,0.538274,5.58,1,lose,-1,0.4551
2017,3,2017_03_LA_SF,LA @ SF,TOTAL,under,40.5,1.9174,0.550102,5.48,1,lose,-1,0.4551
2017,3,2017_03_PIT_CHI,PIT @ CHI,TOTAL,under,43.5,1.9524,0.53726,4.89,1,win,0.9523999999999999,0.4551
2017,3,2017_03_TB_MIN,TB @ MIN,TOTAL,under,41.0,2.0,0.537212,7.44,1,lose,-1,0.3351
2017,3,2017_03_MIA_NYJ,MIA @ NYJ,SPREAD,NYJ,5.5,1.9346,0.532142,2.95,1,win,0.9346000000000001,0.4551
2017,3,2017_03_SEA_TEN,SEA @ TEN,SPREAD,TEN,-2.0,1.8621,0.562403,4.73,1,win,0.8621000000000001,0.4551
2017,3,2017_03_KC_LAC,KC @ LAC,TOTAL,over,47.5,1.9434,0.545119,5.94,1,lose,-1,0.4551
2017,4,2017_04_CAR_NE,CAR @ NE,SPREAD,CAR,9.0,1.9091,0.550774,5.15,1,win,0.9091,0.4551
2017,4,2017_04_JAX_NYJ,JAX @ NYJ,SPREAD,JAX,-4.0,2.0,0.535066,7.01,1,lose,-1,0.4551
2017,4,2017_04_SF_ARI,SF @ ARI,SPREAD,SF,6.5,1.9615,0.544434,6.79,1,win,0.9615,0.4551
2017,4,2017_04_PHI_LAC,PHI @ LAC,SPREAD,PHI,1.5,1.9524,0.527,2.89,1,win,0.9523999999999999,0.4551
2017,4,2017_04_IND_SEA,IND @ SEA,SPREAD,IND,12.5,1.9091,0.534814,2.1,1,lose,-1,0.3351
2017,4,2017_04_WAS_KC,WAS @ KC,SPREAD,WAS,6.5,1.9091,0.537694,2.65,1,lose,-1,0.4551
2017,5,2017_05_SEA_LA,SEA @ LA,SPREAD,LA,-2.0,1.885,0.558385,5.26,1,lose,-1,0.5551
2017,5,2017_05_BAL_OAK,BAL @ OAK,TOTAL,under,40.5,1.9091,0.550718,5.14,1,lose,-1,0.4526
2017,5,2017_05_MIN_CHI,MIN @ CHI,SPREAD,CHI,3.5,1.8772,0.544133,2.14,1,win,0.8772,0.5551
2017,6,2017_06_MIA_ATL,MIA @ ATL,SPREAD,MIA,14.0,1.9091,0.535094,2.15,1,win,0.9091,0.5551
2017,6,2017_06_CLE_HOU,CLE @ HOU,SPREAD,CLE,7.5,1.885,0.558385,5.26,1,lose,-1,0.95
2017,6,2017_06_GB_MIN,GB @ MIN,SPREAD,GB,-3.0,2.02,0.528895,6.84,1,lose,-1,0.83
2017,6,2017_06_LA_JAX,LA @ JAX,SPREAD,JAX,-1.0,1.9259,0.539549,3.91,1,lose,-1,0.95
2017,6,2017_06_LA_JAX,LA @ JAX,TOTAL,over,42.0,1.9091,0.539513,3.0,1,win,0.9091,0.95
2017,6,2017_06_LAC_OAK,LAC @ OAK,SPREAD,LAC,3.0,1.9615,0.537754,5.48,1,win,0.9615,0.6162
2017,7,2017_07_KC_OAK,KC @ OAK,SPREAD,OAK,3.0,1.9615,0.532434,4.44,1,win,0.9615,0.6162
2017,7,2017_07_TB_BUF,TB @ BUF,TOTAL,under,46.5,1.9259,0.54884,5.7,1,lose,-1,0.95
2017,7,2017_07_NO_GB,NO @ GB,SPREAD,NO,-3.5,1.885,0.558385,5.26,1,win,0.885,0.83
2017,7,2017_07_ARI_LA,ARI @ LA,SPREAD,LA,-3.0,1.8547,0.554032,2.76,1,win,0.8547,0.95
2017,7,2017_07_NYJ_MIA,NYJ @ MIA,SPREAD,NYJ,3.0,1.9615,0.544714,6.85,1,null,0.0,0.8715
2017,7,2017_07_NYJ_MIA,NYJ @ MIA,TOTAL,under,40.0,1.9804,0.54116,7.17,1,lose,-1,0.8715
2017,7,2017_07_WAS_PHI,WAS @ PHI,TOTAL,under,48.5,2.0,0.532442,6.49,1,lose,-1,0.95
2017,8,2017_08_CHI_NO,CHI @ NO,SPREAD,NO,-7.5,1.9434,0.530966,3.19,1,win,0.9434,0.95
2017,8,2017_08_CAR_TB,CAR @ TB,SPREAD,TB,-1.5,1.9091,0.542294,3.53,1,lose,-1,0.95
2017,8,2017_08_DEN_KC,DEN @ KC,TOTAL,over,42.0,1.885,0.55452,4.53,1,win,0.885,0.95
2017,9,2017_09_BUF_NYJ,BUF @ NYJ,TOTAL,under,42.0,1.9259,0.54884,5.7,1,lose,-1,0.95
2017,9,2017_09_IND_HOU,IND @ HOU,SPREAD,HOU,-6.0,1.9091,0.541534,3.38,1,lose,-1,0.95
2017,9,2017_09_IND_HOU,IND @ HOU,TOTAL,under,45.0,1.9709,0.54245,6.91,1,win,0.9709000000000001,0.95
2017,9,2017_09_CIN_JAX,CIN @ JAX,TOTAL,over,38.0,1.9709,0.54245,6.91,1,lose,-1,0.95
2017,9,2017_09_LA_NYG,LA @ NYG,TOTAL,under,42.5,1.9804,0.53468,5.89,1,lose,-1,0.95
2017,9,2017_09_BAL_TEN,BAL @ TEN,SPREAD,TEN,-3.0,1.8475,0.558204,3.13,1,null,0.0,0.95
2017,9,2017_09_OAK_MIA,OAK @ MIA,SPREAD,MIA,3.0,2.0,0.534826,6.97,1,null,0.0,0.6162
2017,10,2017_10_GB_CHI,GB @ CHI,TOTAL,over,37.5,1.9434,0.546289,6.17,1,win,0.9434,0.95
2017,10,2017_10_LAC_JAX,LAC @ JAX,SPREAD,JAX,-5.0,1.9259,0.534469,2.93,1,lose,-1,0.95
2017,10,2017_10_LAC_JAX,LAC @ JAX,TOTAL,over,40.5,2.0,0.538607,7.72,1,lose,-1,0.95
2017,10,2017_10_CIN_TEN,CIN @ TEN,TOTAL,under,40.5,1.9009,0.552684,5.06,1,lose,-1,0.95
2017,10,2017_10_MIA_CAR,MIA @ CAR,SPREAD,MIA,8.0,1.9091,0.535694,2.27,1,lose,-1,0.95
2017,11,2017_11_TEN_PIT,TEN @ PIT,SPREAD,TEN,7.0,1.885,0.551865,4.03,1,lose,-1,0.95
2017,11,2017_11_DET_CHI,DET @ CHI,SPREAD,CHI,3.0,1.9346,0.528462,2.24,1,null,0.0,0.95
2017,11,2017_11_JAX_CLE,JAX @ CLE,TOTAL,under,37.0,1.9804,0.535535,6.06,1,win,0.9803999999999999,0.95
2017,11,2017_11_BAL_GB,BAL @ GB,TOTAL,under,38.5,1.9709,0.5303,4.52,1,win,0.9709000000000001,0.95
2017,11,2017_11_BUF_LAC,BUF @ LAC,SPREAD,BUF,7.0,1.9174,0.541446,3.82,1,lose,-1,0.95
2017,11,2017_11_ATL_SEA,ATL @ SEA,TOTAL,under,46.0,1.9259,0.54884,5.7,1,lose,-1,0.95
2017,12,2017_12_MIN_DET,MIN @ DET,TOTAL,under,46.0,1.9709,0.54245,6.91,1,lose,-1,0.95
2017,12,2017_12_CLE_CIN,CLE @ CIN,SPREAD,CLE,7.5,1.885,0.557945,5.17,1,lose,-1,0.95
2017,12,2017_12_JAX_ARI,JAX @ ARI,SPREAD,JAX,-6.5,2.0,0.534866,6.97,1,lose,-1,0.95
2017,12,2017_12_DEN_OAK,DEN @ OAK,TOTAL,under,41.0,1.9434,0.534814,3.94,1,win,0.9434,0.6162
2017,12,2017_12_HOU_BAL,HOU @ BAL,TOTAL,under,39.5,1.9804,0.54116,7.17,1,win,0.9803999999999999,0.95
2017,13,2017_13_MIN_ATL,MIN @ ATL,SPREAD,MIN,2.0,1.9091,0.538894,2.88,1,win,0.9091,0.95
2017,13,2017_13_TB_GB,TB @ GB,SPREAD,GB,-3.0,1.8696,0.561082,4.9,1,win,0.8695999999999999,0.95
2017,13,2017_13_IND_JAX,IND @ JAX,SPREAD,IND,10.0,1.8772,0.545853,2.47,1,lose,-1,0.95
2017,13,2017_13_NYG_OAK,NYG @ OAK,TOTAL,under,43.0,2.0,0.535007,7.0,1,win,1.0,0.6162
2017,13,2017_13_PHI_SEA,PHI @ SEA,TOTAL,under,46.5,1.9615,0.531156,4.19,1,win,0.9615,0.95
2017,13,2017_13_PIT_CIN,PIT @ CIN,SPREAD,CIN,4.5,1.9259,0.542669,4.51,1,win,0.9259,0.95
2017,14,2017_14_NO_ATL,NO @ ATL,SPREAD,NO,2.5,1.9524,0.54352,6.12,1,lose,-1,0.95
2017,14,2017_14_GB_CLE,GB @ CLE,TOTAL,under,38.5,1.9091,0.551393,5.27,1,lose,-1,0.87
2017,14,2017_14_DAL_NYG,DAL @ NYG,SPREAD,NYG,4.0,1.9174,0.538166,3.19,1,lose,-1,0.95
2017,14,2017_14_DAL_NYG,DAL @ NYG,TOTAL,under,42.0,1.9346,0.54755,5.93,1,win,0.9346000000000001,0.95
2017,14,2017_14_WAS_LAC,WAS @ LAC,SPREAD,LAC,-6.0,1.9259,0.534469,2.93,1,win,0.9259,0.95
2017,14,2017_14_WAS_LAC,WAS @ LAC,TOTAL,under,46.5,1.9615,0.543711,6.65,1,win,0.9615,0.95
2017,14,2017_14_PHI_LA,PHI @ LA,TOTAL,over,47.5,1.9615,0.535386,5.02,1,win,0.9615,0.95
2017,14,2017_14_BAL_PIT,BAL @ PIT,SPREAD,BAL,6.0,1.9091,0.543774,3.81,1,win,0.9091,0.95
2017,14,2017_14_BAL_PIT,BAL @ PIT,TOTAL,under,43.0,1.9524,0.54455,6.32,1,lose,-1,0.95
2017,15,2017_15_ARI_WAS,ARI @ WAS,SPREAD,WAS,-4.0,1.9091,0.544454,3.94,1,win,0.9091,0.95
2017,15,2017_15_LA_SEA,LA @ SEA,SPREAD,SEA,1.0,1.9091,0.554974,5.95,1,lose,-1,0.95
2017,15,2017_15_DAL_OAK,DAL @ OAK,SPREAD,OAK,3.0,1.8696,0.561082,4.9,1,null,0.0,0.6162
2017,16,2017_16_IND_BAL,IND @ BAL,SPREAD,IND,13.5,1.9259,0.543829,4.74,1,win,0.9259,0.95
2017,16,2017_16_CLE_CHI,CLE @ CHI,SPREAD,CLE,5.5,1.9615,0.529554,3.87,1,lose,-1,0.95
2017,16,2017_16_DET_CIN,DET @ CIN,SPREAD,CIN,3.0,1.9434,0.526166,2.26,1,win,0.9434,0.95
2017,16,2017_16_ATL_NO,ATL @ NO,SPREAD,ATL,5.5,1.9804,0.537691,6.48,1,lose,-1,0.95
2017,16,2017_16_ATL_NO,ATL @ NO,TOTAL,under,52.0,1.9709,0.54245,6.91,1,win,0.9709000000000001,0.95
2017,16,2017_16_LAC_NYJ,LAC @ NYJ,TOTAL,under,42.5,1.9709,0.54245,6.91,1,win,0.9709000000000001,0.95
2017,16,2017_16_LA_TEN,LA @ TEN,SPREAD,TEN,5.5,1.9524,0.52968,3.41,1,win,0.9523999999999999,0.95
2017,16,2017_16_LA_TEN,LA @ TEN,TOTAL,under,46.0,1.9524,0.531455,3.76,1,lose,-1,0.95
2017,16,2017_16_DEN_WAS,DEN @ WAS,SPREAD,DEN,3.0,2.0,0.527786,5.56,1,lose,-1,0.95
2017,16,2017_16_JAX_SF,JAX @ SF,TOTAL,under,43.0,1.9615,0.535386,5.02,1,lose,-1,0.95
2017,16,2017_16_SEA_DAL,SEA @ DAL,SPREAD,SEA,4.5,1.9524,0.54452,6.31,1,win,0.9523999999999999,0.95
2017,16,2017_16_SEA_DAL,SEA @ DAL,TOTAL,under,47.0,1.8547,0.55944,3.76,1,win,0.8547,0.95
2017,16,2017_16_PIT_HOU,PIT @ HOU,TOTAL,under,45.5,1.9615,0.530076,3.97,1,win,0.9615,0.95
2017,16,2017_16_OAK_PHI,OAK @ PHI,TOTAL,under,46.0,1.9709,0.54245,6.91,1,win,0.9709000000000001,0.6162
2017,17,2017_17_NYJ_NE,NYJ @ NE,TOTAL,under,43.5,1.8547,0.55944,3.76,1,win,0.8547,0.95
2017,17,2017_17_CIN_BAL,CIN @ BAL,SPREAD,CIN,8.0,1.885,0.552185,4.09,1,win,0.885,0.95
2017,17,2017_17_SF_LA,SF @ LA,TOTAL,over,44.5,1.9091,0.551393,5.27,1,win,0.9091,0.95
2017,17,2017_17_OAK_LAC,OAK @ LAC,SPREAD,OAK,7.0,1.8696,0.554322,3.64,1,lose,-1,0.6162
2017,17,2017_17_BUF_MIA,BUF @ MIA,SPREAD,BUF,-2.5,1.9804,0.526211,4.21,1,win,0.9803999999999999,0.95
2017,17,2017_17_ARI_SEA,ARI @ SEA,SPREAD,ARI,8.0,1.9009,0.556382,5.76,1,win,0.9009,0.95
2017,17,2017_17_ARI_SEA,ARI @ SEA,TOTAL,under,38.0,1.9091,0.551393,5.27,1,lose,-1,0.95
2017,17,2017_17_NO_TB,NO @ TB,SPREAD,TB,6.0,1.9259,0.547949,5.53,1,win,0.9259,0.95
2018,2,2018_02_BAL_CIN,BAL @ CIN,TOTAL,over,43.0,1.9709,0.53786,6.01,1,win,0.9709000000000001,0.4551
2018,2,2018_02_CAR_ATL,CAR @ ATL,SPREAD,CAR,5.5,1.9804,0.534371,5.83,1,lose,-1,0.4551
2018,2,2018_02_HOU_TEN,HOU @ TEN,SPREAD,TEN,3.5,1.8772,0.546773,2.64,1,win,0.8772,0.4551
2018,2,2018_02_IND_WAS,IND @ WAS,SPREAD,IND,6.0,1.9259,0.539589,3.92,1,win,0.9259,0.4551
2018,2,2018_02_NYG_DAL,NYG @ DAL,SPREAD,NYG,3.0,1.9259,0.545989,5.15,1,lose,-1,0.4551
2018,2,2018_02_SEA_CHI,SEA @ CHI,TOTAL,under,42.5,1.9524,0.54257,5.93,1,win,0.9523999999999999,0.4551
2018,3,2018_03_CIN_CAR,CIN @ CAR,TOTAL,under,44.0,1.9524,0.53492,4.44,1,lose,-1,0.4551
2018,3,2018_03_TEN_JAX,TEN @ JAX,SPREAD,TEN,10.0,1.9009,0.544831,3.57,1,win,0.9009,0.4551
2018,3,2018_03_SF_KC,SF @ KC,TOTAL,under,53.0,1.9524,0.53717,4.88,1,lose,-1,0.4551
2018,3,2018_03_OAK_MIA,OAK @ MIA,TOTAL,under,46.0,1.9709,0.54047,6.52,1,lose,-1,0.3526
2018,3,2018_03_LAC_LA,LAC @ LA,TOTAL,over,49.0,1.9901,0.532138,5.9,1,win,0.9901,0.4551
2018,3,2018_03_PIT_TB,PIT @ TB,SPREAD,TB,-1.0,1.8929,0.557008,5.44,1,lose,-1,0.4551
2018,3,2018_03_PIT_TB,PIT @ TB,TOTAL,under,55.0,1.9524,0.545,6.41,1,lose,-1,0.4551
2018,4,2018_04_NYJ_JAX,NYJ @ JAX,TOTAL,under,40.5,1.9346,0.54755,5.93,1,lose,-1,0.4551
2018,4,2018_04_SF_LAC,SF @ LAC,SPREAD,SF,10.0,1.8475,0.564334,4.26,1,win,0.8474999999999999,0.4551
2018,4,2018_04_SF_LAC,SF @ LAC,TOTAL,over,46.0,2.01,0.531793,6.89,1,win,1.0099999999999998,0.4551
2018,4,2018_04_BAL_PIT,BAL @ PIT,SPREAD,BAL,3.0,2.03,0.52673,6.93,1,win,1.0299999999999998,0.4551
2018,5,2018_05_IND_NE,IND @ NE,SPREAD,IND,10.5,1.9091,0.540666,3.22,1,lose,-1,0.5551
2018,5,2018_05_MIA_CIN,MIA @ CIN,SPREAD,CIN,-6.0,1.9709,0.538498,6.13,1,win,0.9709000000000001,0.4351
2018,5,2018_05_ATL_PIT,ATL @ PIT,SPREAD,ATL,3.5,1.9259,0.530448,2.16,1,lose,-1,0.5551
2018,5,2018_05_MIN_PHI,MIN @ PHI,SPREAD,MIN,3.5,1.9434,0.545686,6.05,1,win,0.9434,0.5551
2018,5,2018_05_LA_SEA,LA @ SEA,SPREAD,SEA,7.5,1.885,0.547585,3.22,1,win,0.885,0.5551
2018,6,2018_06_CHI_MIA,CHI @ MIA,TOTAL,under,40.5,1.9174,0.546388,4.76,1,lose,-1,0.6741
2018,6,2018_06_LA_DEN,LA @ DEN,TOTAL,over,50.0,2.0,0.53337,6.67,1,lose,-1,0.95
2018,6,2018_06_JAX_DAL,JAX @ DAL,TOTAL,under,39.5,1.9174,0.549448,5.35,1,lose,-1,0.8715
2018,7,2018_07_HOU_JAX,HOU @ JAX,SPREAD,HOU,4.0,1.9901,0.535534,6.58,1,win,0.9901,0.95
2018,7,2018_07_MIN_NYJ,MIN @ NYJ,SPREAD,NYJ,3.5,1.8403,0.564913,3.96,1,lose,-1,0.95
2018,7,2018_07_TEN_LAC,TEN @ LAC,TOTAL,under,46.0,1.9174,0.549448,5.35,1,win,0.9174,0.95
2018,7,2018_07_NYG_ATL,NYG @ ATL,TOTAL,under,52.0,1.9709,0.541839,6.79,1,win,0.9709000000000001,0.95
2018,8,2018_08_BAL_CAR,BAL @ CAR,TOTAL,under,44.0,1.9091,0.550707,5.14,1,lose,-1,0.95
2018,8,2018_08_SEA_DET,SEA @ DET,SPREAD,SEA,3.0,1.9901,0.532894,6.05,1,win,0.9901,0.95
2018,8,2018_08_WAS_NYG,WAS @ NYG,TOTAL,under,43.0,1.9174,0.545533,4.6,1,win,0.9174,0.95
2018,8,2018_08_GB_LA,GB @ LA,SPREAD,GB,7.5,1.9524,0.53412,4.28,1,win,0.9523999999999999,0.95
2018,8,2018_08_PHI_JAX,PHI @ JAX,SPREAD,JAX,4.0,1.9259,0.543728,4.72,1,lose,-1,0.95
2018,9,2018_09_ATL_WAS,ATL @ WAS,TOTAL,under,46.5,1.9709,0.536439,5.73,1,lose,-1,0.95
2018,9,2018_09_LAC_SEA,LAC @ SEA,SPREAD,LAC,1.0,1.8772,0.555765,4.33,1,win,0.8772,0.95
2018,9,2018_09_LAC_SEA,LAC @ SEA,TOTAL,under,48.5,1.885,0.55452,4.53,1,win,0.885,0.95
2018,9,2018_09_LA_NO,LA @ NO,SPREAD,NO,2.5,1.9259,0.535408,3.11,1,win,0.9259,0.95
2018,9,2018_09_LA_NO,LA @ NO,TOTAL,under,57.5,1.9804,0.540552,7.05,1,lose,-1,0.95
2018,10,2018_10_DET_CHI,DET @ CHI,TOTAL,under,44.5,1.9346,0.53495,3.49,1,lose,-1,0.95
2018,10,2018_10_ATL_CLE,ATL @ CLE,SPREAD,CLE,5.5,1.9259,0.551448,6.2,1,win,0.9259,0.95
2018,10,2018_10_BUF_NYJ,BUF @ NYJ,SPREAD,BUF,6.5,1.9259,0.545008,4.96,1,win,0.9259,0.83
2018,10,2018_10_LAC_OAK,LAC @ OAK,TOTAL,under,50.0,1.8621,0.557529,3.82,1,win,0.8621000000000001,0.6162
2018,10,2018_10_SEA_LA,SEA @ LA,TOTAL,under,51.0,1.9709,0.538734,6.18,1,lose,-1,0.95
2018,11,2018_11_CAR_DET,CAR @ DET,TOTAL,under,48.0,1.9009,0.551995,4.93,1,win,0.9009,0.95
2018,11,2018_11_HOU_WAS,HOU @ WAS,SPREAD,HOU,-3.0,1.8772,0.552205,3.66,1,lose,-1,0.95
2018,11,2018_11_DEN_LAC,DEN @ LAC,SPREAD,DEN,7.5,1.8621,0.549508,2.32,1,win,0.8621000000000001,0.95
2018,11,2018_11_DEN_LAC,DEN @ LAC,TOTAL,under,47.0,1.9259,0.546316,5.21,1,win,0.9259,0.95
2018,11,2018_11_PHI_NO,PHI @ NO,SPREAD,NO,-7.0,1.9524,0.5398,5.39,1,win,0.9523999999999999,0.95
2018,12,2018_12_ATL_NO,ATL @ NO,SPREAD,ATL,11.5,1.9901,0.537334,6.93,1,lose,-1,0.95
2018,13,2018_13_NO_DAL,NO @ DAL,SPREAD,NO,-7.0,1.9259,0.530728,2.21,1,lose,-1,0.95
2018,13,2018_13_BAL_ATL,BAL @ ATL,SPREAD,ATL,-2.5,1.8772,0.550765,3.39,1,lose,-1,0.95
2018,13,2018_13_BAL_ATL,BAL @ ATL,TOTAL,under,46.5,1.9901,0.533893,6.25,1,win,0.9901,0.95
2018,13,2018_13_DEN_CIN,DEN @ CIN,TOTAL,under,45.0,1.9709,0.532659,4.98,1,win,0.9709000000000001,0.95
2018,13,2018_13_IND_JAX,IND @ JAX,SPREAD,JAX,4.0,1.9709,0.528072,4.08,1,win,0.9709000000000001,0.95
2018,13,2018_13_BUF_MIA,BUF @ MIA,SPREAD,MIA,-3.5,1.9709,0.536912,5.82,1,win,0.9709000000000001,0.83
2018,13,2018_13_CHI_NYG,CHI @ NYG,SPREAD,NYG,3.5,1.9174,0.552852,6.0,1,win,0.9174,0.95
2018,13,2018_13_WAS_PHI,WAS @ PHI,SPREAD,WAS,5.5,1.9524,0.54652,6.7,1,lose,-1,0.95
2018,14,2018_14_JAX_TEN,JAX @ TEN,SPREAD,JAX,5.5,1.9709,0.535498,5.54,1,lose,-1,0.95
2018,14,2018_14_BAL_KC,BAL @ KC,TOTAL,under,49.0,1.9259,0.542041,4.39,1,lose,-1,0.95
2018,14,2018_14_NE_MIA,NE @ MIA,SPREAD,MIA,8.5,1.9259,0.538248,3.66,1,win,0.9259,0.95
2018,14,2018_14_CIN_LAC,CIN @ LAC,TOTAL,under,48.5,1.9259,0.539341,3.87,1,win,0.9259,0.95
2018,14,2018_14_PHI_DAL,PHI @ DAL,SPREAD,PHI,3.5,1.9091,0.547866,4.59,1,lose,-1,0.95
2018,14,2018_14_LA_CHI,LA @ CHI,SPREAD,CHI,3.0,1.8333,0.559239,2.53,1,win,0.8332999999999999,0.95
2018,15,2018_15_ARI_ATL,ARI @ ATL,TOTAL,under,43.5,2.0,0.53589,7.18,1,lose,-1,0.95
2018,15,2018_15_TB_BAL,TB @ BAL,SPREAD,TB,8.5,1.9709,0.538378,6.11,1,win,0.9709000000000001,0.95
2018,15,2018_15_DET_BUF,DET @ BUF,SPREAD,BUF,-2.5,1.8403,0.564913,3.96,1,lose,-1,0.95
2018,15,2018_15_GB_CHI,GB @ CHI,TOTAL,under,46.5,1.9709,0.541839,6.79,1,win,0.9709000000000001,0.95
2018,15,2018_15_OAK_CIN,OAK @ CIN,SPREAD,OAK,3.0,1.9091,0.543266,3.71,1,lose,-1,0.6162
2018,15,2018_15_TEN_NYG,TEN @ NYG,TOTAL,under,42.0,1.9009,0.551995,4.93,1,win,0.9009,0.95
2018,15,2018_15_PHI_LA,PHI @ LA,SPREAD,LA,-13.5,1.9346,0.541422,4.74,1,lose,-1,0.95
2018,15,2018_15_NO_CAR,NO @ CAR,SPREAD,CAR,6.0,1.9434,0.541846,5.3,1,win,0.9434,0.95
2018,15,2018_15_NO_CAR,NO @ CAR,TOTAL,over,50.5,1.8772,0.550363,3.31,1,lose,-1,0.95
2018,16,2018_16_WAS_TEN,WAS @ TEN,SPREAD,WAS,12.5,1.9091,0.554066,5.78,1,win,0.9091,0.95
2018,16,2018_16_ATL_CAR,ATL @ CAR,TOTAL,under,46.5,1.9346,0.54755,5.93,1,win,0.9346000000000001,0.83
2018,16,2018_16_MIN_DET,MIN @ DET,SPREAD,DET,6.5,1.8772,0.545485,2.4,1,lose,-1,0.95
2018,16,2018_16_PIT_NO,PIT @ NO,TOTAL,under,53.0,1.9091,0.542832,3.63,1,lose,-1,0.95
2018,17,2018_17_DET_GB,DET @ GB,SPREAD,DET,7.5,1.9709,0.527392,3.94,1,win,0.9709000000000001,0.95
2018,17,2018_17_JAX_HOU,JAX @ HOU,TOTAL,under,39.5,1.9174,0.540493,3.63,1,win,0.9174,0.95
2018,17,2018_17_DAL_NYG,DAL @ NYG,TOTAL,under,38.5,1.9174,0.546478,4.78,1,lose,-1,0.95
2018,17,2018_17_ATL_TB,ATL @ TB,TOTAL,under,52.0,1.9091,0.550707,5.14,1,lose,-1,0.95
2018,17,2018_17_CLE_BAL,CLE @ BAL,SPREAD,CLE,7.0,1.9709,0.530032,4.46,1,win,0.9709000000000001,0.95
2018,17,2018_17_LAC_DEN,LAC @ DEN,SPREAD,DEN,7.0,1.8403,0.564913,3.96,1,lose,-1,0.95
2019,2,2019_02_LAC_DET,LAC @ DET,TOTAL,under,47.0,1.9901,0.539293,7.32,1,win,0.9901,0.4551
2019,2,2019_02_MIN_GB,MIN @ GB,SPREAD,MIN,3.0,1.9804,0.537011,6.35,1,lose,-1,0.4551
2019,2,2019_02_BUF_NYG,BUF @ NYG,SPREAD,BUF,-1.0,1.9259,0.540568,4.11,1,win,0.9259,0.4551
2019,2,2019_02_IND_TEN,IND @ TEN,SPREAD,TEN,-3.0,1.8333,0.556473,2.02,1,lose,-1,0.4551
2019,2,2019_02_IND_TEN,IND @ TEN,TOTAL,over,43.5,1.9901,0.53869,7.2,1,lose,-1,0.4551
2019,3,2019_03_TEN_JAX,TEN @ JAX,TOTAL,over,38.0,1.9009,0.551995,4.93,1,lose,-1,0.4551
2019,3,2019_03_CIN_BUF,CIN @ BUF,SPREAD,CIN,5.5,1.9615,0.531274,4.21,1,win,0.9615,0.4551
2019,3,2019_03_DEN_GB,DEN @ GB,SPREAD,DEN,7.0,1.9259,0.535389,3.11,1,lose,-1,0.4551
2019,3,2019_03_HOU_LAC,HOU @ LAC,TOTAL,under,49.0,2.01,0.536743,7.89,1,win,1.0099999999999998,0.4551
2019,3,2019_03_PIT_SF,PIT @ SF,SPREAD,PIT,6.0,1.9615,0.530805,4.12,1,win,0.9615,0.4551
2019,4,2019_04_TEN_ATL,TEN @ ATL,SPREAD,TEN,3.5,1.885,0.548065,3.31,1,win,0.885,0.4551
2019,4,2019_04_CLE_BAL,CLE @ BAL,SPREAD,CLE,7.5,1.8547,0.550592,2.12,1,win,0.8547,0.4551
2019,4,2019_04_CLE_BAL,CLE @ BAL,TOTAL,under,47.0,1.9615,0.543098,6.53,1,lose,-1,0.4551
2019,4,2019_04_NE_BUF,NE @ BUF,SPREAD,BUF,7.0,1.9259,0.540909,4.17,1,win,0.9259,0.4551
2019,4,2019_04_OAK_IND,OAK @ IND,SPREAD,OAK,5.5,1.9434,0.533726,3.72,1,win,0.9434,0.3526
2019,4,2019_04_TB_LA,TB @ LA,SPREAD,TB,9.0,1.9615,0.527434,3.46,1,win,0.9615,0.4551
2019,4,2019_04_MIN_CHI,MIN @ CHI,SPREAD,MIN,-1.0,1.9901,0.526514,4.78,1,lose,-1,0.4551
2019,5,2019_05_LA_SEA,LA @ SEA,SPREAD,LA,1.5,1.9615,0.525274,3.03,1,win,0.9615,0.5551
2019,5,2019_05_LA_SEA,LA @ SEA,TOTAL,under,49.0,2.02,0.53548,8.17,1,lose,-1,0.5551
2019,5,2019_05_ARI_CIN,ARI @ CIN,SPREAD,CIN,-3.0,1.9615,0.527194,3.41,1,lose,-1,0.5551
2019,5,2019_05_MIN_NYG,MIN @ NYG,TOTAL,under,44.0,1.9524,0.544357,6.28,1,win,0.9523999999999999,0.5551
2019,5,2019_05_BUF_TEN,BUF @ TEN,SPREAD,BUF,3.5,1.9091,0.534866,2.11,1,win,0.9091,0.5551
2019,6,2019_06_SEA_CLE,SEA @ CLE,SPREAD,CLE,-1.0,1.9434,0.528846,2.78,1,lose,-1,0.7915
2019,6,2019_06_HOU_KC,HOU @ KC,SPREAD,HOU,3.5,1.9259,0.541848,4.35,1,win,0.9259,0.95
2019,7,2019_07_KC_DEN,KC @ DEN,TOTAL,under,49.5,1.9009,0.551995,4.93,1,win,0.9009,0.95
2019,7,2019_07_LA_ATL,LA @ ATL,SPREAD,ATL,3.0,1.9524,0.5374,4.92,1,lose,-1,0.95
2019,7,2019_07_MIA_BUF,MIA @ BUF,TOTAL,under,42.5,2.0,0.53085,6.17,1,lose,-1,0.8715
2019,7,2019_07_HOU_IND,HOU @ IND,SPREAD,HOU,1.5,1.9615,0.537394,5.41,1,lose,-1,0.95
2019,7,2019_07_NO_CHI,NO @ CHI,TOTAL,under,37.0,1.9901,0.5386,7.19,1,lose,-1,0.7515
2019,8,2019_08_WAS_MIN,WAS @ MIN,SPREAD,WAS,16.5,1.9615,0.539554,5.83,1,win,0.9615,0.95
2019,8,2019_08_SEA_ATL,SEA @ ATL,SPREAD,ATL,7.5,1.8547,0.558552,3.59,1,win,0.8547,0.95
2019,8,2019_08_LAC_CHI,LAC @ CHI,SPREAD,CHI,-3.5,1.9709,0.539578,6.35,1,lose,-1,0.95
2019,8,2019_08_LAC_CHI,LAC @ CHI,TOTAL,under,41.0,1.9615,0.533378,4.62,1,win,0.9615,0.95
2019,8,2019_08_NYG_DET,NYG @ DET,SPREAD,NYG,6.5,1.885,0.552665,4.18,1,win,0.885,0.95
2019,8,2019_08_DEN_IND,DEN @ IND,SPREAD,DEN,6.0,1.8547,0.552352,2.44,1,win,0.8547,0.95
2019,8,2019_08_CIN_LA,CIN @ LA,SPREAD,CIN,12.0,1.8929,0.542883,2.76,1,lose,-1,0.95
2019,8,2019_08_OAK_HOU,OAK @ HOU,SPREAD,OAK,5.0,1.9346,0.544422,5.32,1,win,0.9346000000000001,0.6162
2019,8,2019_08_MIA_PIT,MIA @ PIT,TOTAL,under,44.0,1.9434,0.545643,6.04,1,win,0.9434,0.95
2019,9,2019_09_HOU_JAX,HOU @ JAX,SPREAD,JAX,-1.0,1.9434,0.529366,2.88,1,lose,-1,0.95
2019,9,2019_09_HOU_JAX,HOU @ JAX,TOTAL,under,46.0,1.9434,0.543798,5.68,1,win,0.9434,0.95
2019,9,2019_09_CHI_PHI,CHI @ PHI,SPREAD,CHI,5.0,1.9434,0.528966,2.8,1,lose,-1,0.95
2019,9,2019_09_CHI_PHI,CHI @ PHI,TOTAL,under,41.0,1.9804,0.533262,5.61,1,win,0.9803999999999999,0.95
2019,9,2019_09_CLE_DEN,CLE @ DEN,SPREAD,DEN,4.0,1.9259,0.533629,2.77,1,win,0.9259,0.95
2019,9,2019_09_DAL_NYG,DAL @ NYG,SPREAD,NYG,6.5,1.9174,0.552366,5.91,1,lose,-1,0.95
2019,10,2019_10_BAL_CIN,BAL @ CIN,SPREAD,CIN,10.5,1.8772,0.560464,5.21,1,lose,-1,0.95
2019,10,2019_10_BAL_CIN,BAL @ CIN,TOTAL,over,44.0,1.9346,0.546902,5.8,1,win,0.9346000000000001,0.95
2019,10,2019_10_BUF_CLE,BUF @ CLE,SPREAD,BUF,3.0,1.9259,0.552189,6.35,1,null,0.0,0.95
2019,10,2019_10_BUF_CLE,BUF @ CLE,TOTAL,under,42.0,1.885,0.55452,4.53,1,win,0.885,0.95
2019,10,2019_10_ATL_NO,ATL @ NO,SPREAD,ATL,14.0,1.8772,0.559733,5.07,1,win,0.8772,0.95
2019,10,2019_10_ATL_NO,ATL @ NO,TOTAL,under,51.5,1.9091,0.550707,5.14,1,win,0.9091,0.95
2019,10,2019_10_CAR_GB,CAR @ GB,SPREAD,CAR,5.0,2.0,0.525986,5.2,1,lose,-1,0.95
2019,10,2019_10_MIN_DAL,MIN @ DAL,TOTAL,under,48.5,2.0,0.537431,7.49,1,lose,-1,0.95
2019,10,2019_10_SEA_SF,SEA @ SF,SPREAD,SEA,6.5,1.9615,0.538914,5.71,1,win,0.9615,0.95
2019,11,2019_11_DAL_DET,DAL @ DET,SPREAD,DAL,-7.5,2.02,0.530655,7.19,1,win,1.02,0.83
2019,11,2019_11_BUF_MIA,BUF @ MIA,SPREAD,MIA,7.0,1.9901,0.528274,5.13,1,lose,-1,0.95
2019,11,2019_11_BUF_MIA,BUF @ MIA,TOTAL,under,41.5,1.9434,0.545058,5.93,1,lose,-1,0.95
2019,11,2019_11_DEN_MIN,DEN @ MIN,SPREAD,DEN,10.0,1.8403,0.565623,4.09,1,win,0.8403,0.95
2019,11,2019_11_NYJ_WAS,NYJ @ WAS,SPREAD,WAS,-1.0,1.8772,0.545584,2.42,1,lose,-1,0.95
2019,11,2019_11_CIN_OAK,CIN @ OAK,SPREAD,CIN,13.0,1.9259,0.544429,4.85,1,win,0.9259,0.6162
2019,11,2019_11_KC_LAC,KC @ LAC,SPREAD,LAC,5.5,1.9615,0.542874,6.48,1,lose,-1,0.95
2019,12,2019_12_IND_HOU,IND @ HOU,TOTAL,under,46.0,1.9434,0.541953,5.32,1,win,0.9434,0.95
2019,12,2019_12_DEN_BUF,DEN @ BUF,SPREAD,BUF,-3.5,1.9615,0.536954,5.32,1,win,0.9615,0.95
2019,12,2019_12_NYG_CHI,NYG @ CHI,SPREAD,NYG,6.0,1.9091,0.554974,5.95,1,win,0.9091,0.95
2019,12,2019_12_CAR_NO,CAR @ NO,TOTAL,under,46.0,1.8475,0.559973,3.46,1,lose,-1,0.95
2019,13,2019_13_SF_BAL,SF @ BAL,SPREAD,BAL,-5.5,1.9091,0.536814,2.48,1,lose,-1,0.95
2019,13,2019_13_GB_NYG,GB @ NYG,TOTAL,under,43.5,1.9346,0.546902,5.8,1,lose,-1,0.95
2019,13,2019_13_LAC_DEN,LAC @ DEN,SPREAD,DEN,4.5,1.9346,0.548942,6.2,1,win,0.9346000000000001,0.95
2019,13,2019_13_LAC_DEN,LAC @ DEN,TOTAL,over,39.0,1.8547,0.556423,3.2,1,win,0.8547,0.95
2019,14,2019_14_DAL_CHI,DAL @ CHI,SPREAD,DAL,-3.0,1.9174,0.550406,5.53,1,lose,-1,0.95
2019,14,2019_14_BAL_BUF,BAL @ BUF,SPREAD,BUF,6.5,1.9091,0.542734,3.61,1,lose,-1,0.95
2019,14,2019_14_WAS_GB,WAS @ GB,SPREAD,WAS,13.0,1.9434,0.525286,2.08,1,win,0.9434,0.95
2019,14,2019_14_WAS_GB,WAS @ GB,TOTAL,under,42.5,1.9804,0.530543,5.07,1,win,0.9803999999999999,0.95
2019,14,2019_14_DEN_HOU,DEN @ HOU,SPREAD,DEN,8.0,1.9709,0.527178,3.9,1,win,0.9709000000000001,0.95
2019,14,2019_14_DET_MIN,DET @ MIN,TOTAL,under,43.5,1.885,0.55452,4.53,1,win,0.885,0.83
2019,14,2019_14_SF_NO,SF @ NO,SPREAD,SF,1.0,1.9901,0.528914,5.26,1,win,0.9901,0.95
2019,15,2019_15_NYJ_BAL,NYJ @ BAL,SPREAD,BAL,-17.0,1.9524,0.52872,3.23,1,win,0.9523999999999999,0.95
2019,15,2019_15_CHI_GB,CHI @ GB,SPREAD,GB,-4.0,1.8475,0.562404,3.9,1,win,0.8474999999999999,0.95
2019,15,2019_15_CHI_GB,CHI @ GB,TOTAL,under,40.0,1.9174,0.540223,3.58,1,win,0.9174,0.95
2019,15,2019_15_PHI_WAS,PHI @ WAS,SPREAD,WAS,7.0,1.8621,0.561003,4.46,1,lose,-1,0.95
2019,15,2019_15_CLE_ARI,CLE @ ARI,SPREAD,ARI,3.0,1.9709,0.525418,3.55,1,win,0.9709000000000001,0.95
2019,15,2019_15_JAX_OAK,JAX @ OAK,SPREAD,JAX,7.0,1.8772,0.544053,2.13,1,win,0.8772,0.6162
2019,15,2019_15_ATL_SF,ATL @ SF,SPREAD,ATL,10.5,1.8547,0.563752,4.56,1,win,0.8547,0.95
2019,15,2019_15_BUF_PIT,BUF @ PIT,SPREAD,BUF,1.0,1.9524,0.5386,5.16,1,win,0.9523999999999999,0.95
2019,15,2019_15_BUF_PIT,BUF @ PIT,TOTAL,under,37.0,1.9524,0.541612,5.74,1,win,0.9523999999999999,0.95
2019,16,2019_16_LA_SF,LA @ SF,TOTAL,under,45.5,1.9091,0.550707,5.14,1,lose,-1,0.95
2019,16,2019_16_BAL_CLE,BAL @ CLE,SPREAD,CLE,9.5,1.9434,0.546966,6.3,1,lose,-1,0.95
2019,16,2019_16_BAL_CLE,BAL @ CLE,TOTAL,under,48.5,1.9434,0.534663,3.91,1,win,0.9434,0.95
2019,16,2019_16_NYG_WAS,NYG @ WAS,TOTAL,under,42.0,1.885,0.553828,4.4,1,lose,-1,0.95
2019,16,2019_16_OAK_LAC,OAK @ LAC,TOTAL,under,45.0,1.9259,0.547756,5.49,1,win,0.9259,0.6162
2019,16,2019_16_ARI_SEA,ARI @ SEA,SPREAD,ARI,8.0,1.9009,0.552822,5.09,1,win,0.9009,0.95
2019,17,2019_17_NO_CAR,NO @ CAR,TOTAL,under,45.0,1.9259,0.547531,5.45,1,lose,-1,0.95
2019,17,2019_17_GB_DET,GB @ DET,TOTAL,under,44.0,1.9091,0.544047,3.86,1,win,0.9091,0.95
2019,17,2019_17_LAC_KC,LAC @ KC,SPREAD,LAC,10.0,1.9091,0.554654,5.89,1,null,0.0,0.95
2019,17,2019_17_PIT_BAL,PIT @ BAL,TOTAL,over,35.0,1.9615,0.543098,6.53,1,win,0.9615,0.95
2019,17,2019_17_WAS_DAL,WAS @ DAL,SPREAD,DAL,-13.0,1.9524,0.53148,3.77,1,win,0.9523999999999999,0.83
2019,17,2019_17_OAK_DEN,OAK @ DEN,TOTAL,under,41.5,1.9434,0.541458,5.23,1,win,0.9434,0.6162
2019,17,2019_17_PHI_NYG,PHI @ NYG,SPREAD,NYG,4.0,1.9259,0.535669,3.16,1,lose,-1,0.95
2020,2,2020_02_DET_GB,DET @ GB,SPREAD,DET,7.0,1.885,0.558385,5.26,1,lose,-1,0.4551
2020,2,2020_02_MIN_IND,MIN @ IND,SPREAD,MIN,3.5,1.9009,0.542102,3.05,1,lose,-1,0.4551
2020,2,2020_02_SF_NYJ,SF @ NYJ,SPREAD,NYJ,7.0,1.9009,0.539822,2.61,1,lose,-1,0.3351
2020,2,2020_02_JAX_TEN,JAX @ TEN,TOTAL,under,44.5,1.9709,0.538194,6.07,1,lose,-1,0.4551
2020,2,2020_02_BAL_HOU,BAL @ HOU,TOTAL,under,49.5,1.8475,0.559973,3.46,1,win,0.8474999999999999,0.4551
2020,2,2020_02_KC_LAC,KC @ LAC,TOTAL,under,47.0,1.9091,0.550052,5.01,1,win,0.9091,0.4551
2020,2,2020_02_NO_LV,NO @ LV,SPREAD,LV,4.0,1.9346,0.543363,5.12,1,win,0.9346000000000001,0.4551
2020,2,2020_02_NO_LV,NO @ LV,TOTAL,under,47.5,1.9174,0.549448,5.35,1,lose,-1,0.4551
2020,3,2020_03_MIA_JAX,MIA @ JAX,TOTAL,under,49.0,1.9524,0.531037,3.68,1,win,0.9523999999999999,0.4551
2020,3,2020_03_CHI_ATL,CHI @ ATL,TOTAL,under,46.0,1.9804,0.538842,6.71,1,lose,-1,0.4551
2020,3,2020_03_WAS_CLE,WAS @ CLE,SPREAD,WAS,7.5,1.8696,0.553602,3.5,1,lose,-1,0.4551
2020,3,2020_03_TEN_MIN,TEN @ MIN,SPREAD,MIN,3.0,1.9174,0.542486,4.02,1,win,0.9174,0.4551
2020,3,2020_03_TEN_MIN,TEN @ MIN,TOTAL,under,49.5,1.8621,0.557529,3.82,1,lose,-1,0.4551
2020,3,2020_03_HOU_PIT,HOU @ PIT,TOTAL,under,46.5,1.9174,0.549448,5.35,1,lose,-1,0.4551
2020,3,2020_03_NYJ_IND,NYJ @ IND,SPREAD,NYJ,12.5,1.9174,0.553206,6.07,1,lose,-1,0.4551
2020,3,2020_03_DET_ARI,DET @ ARI,SPREAD,ARI,-4.5,1.9524,0.53928,5.29,1,lose,-1,0.4551
2020,4,2020_04_DEN_NYJ,DEN @ NYJ,SPREAD,NYJ,-1.0,1.9259,0.548669,5.67,1,lose,-1,0.3351
2020,4,2020_04_SEA_MIA,SEA @ MIA,SPREAD,MIA,4.5,1.9615,0.538354,5.6,1,lose,-1,0.4551
2020,4,2020_04_IND_CHI,IND @ CHI,SPREAD,CHI,3.5,1.8929,0.550483,4.2,1,lose,-1,0.4551
2020,4,2020_04_IND_CHI,IND @ CHI,TOTAL,under,43.5,1.9091,0.550707,5.14,1,win,0.9091,0.4551
2020,4,2020_04_ATL_GB,ATL @ GB,SPREAD,ATL,5.0,1.9091,0.540094,3.11,1,lose,-1,0.4551
2020,5,2020_05_LV_KC,LV @ KC,SPREAD,LV,11.0,1.8772,0.558984,4.93,1,win,0.8772,0.5551
2020,5,2020_05_LA_WAS,LA @ WAS,SPREAD,WAS,7.0,1.9174,0.548486,5.17,1,lose,-1,0.5551
2020,5,2020_05_MIA_SF,MIA @ SF,SPREAD,MIA,8.5,1.8403,0.563976,3.79,1,win,0.8403,0.5551
2020,5,2020_05_NYG_DAL,NYG @ DAL,SPREAD,NYG,7.5,1.8772,0.559133,4.96,1,win,0.8772,0.61
2020,5,2020_05_MIN_SEA,MIN @ SEA,SPREAD,MIN,6.5,1.9524,0.54524,6.45,1,win,0.9523999999999999,0.5551
2020,5,2020_05_LAC_NO,LAC @ NO,SPREAD,NO,-7.0,1.9615,0.530354,4.03,1,lose,-1,0.4351
2020,6,2020_06_DET_JAX,DET @ JAX,SPREAD,JAX,3.0,1.9524,0.52976,3.43,1,lose,-1,0.7408
2020,6,2020_06_ATL_MIN,ATL @ MIN,SPREAD,ATL,3.5,1.9804,0.525491,4.07,1,win,0.9803999999999999,0.95
2020,6,2020_06_BAL_PHI,BAL @ PHI,SPREAD,PHI,10.5,1.8403,0.560816,3.21,1,win,0.8403,0.8715
2020,6,2020_06_NYJ_MIA,NYJ @ MIA,SPREAD,MIA,-9.5,1.885,0.555953,4.8,1,win,0.885,0.95
2020,6,2020_06_ARI_DAL,ARI @ DAL,SPREAD,DAL,-1.0,1.9434,0.529686,2.94,1,lose,-1,0.95
2020,7,2020_07_CLE_CIN,CLE @ CIN,SPREAD,CIN,4.5,1.8772,0.550373,3.32,1,win,0.8772,0.95
2020,7,2020_07_DAL_WAS,DAL @ WAS,SPREAD,DAL,-1.0,1.9709,0.528018,4.07,1,lose,-1,0.95
2020,7,2020_07_TB_LV,TB @ LV,TOTAL,under,51.5,1.9434,0.533268,3.64,1,lose,-1,0.95
2020,7,2020_07_KC_DEN,KC @ DEN,SPREAD,DEN,7.0,1.885,0.553073,4.25,1,lose,-1,0.95
2020,7,2020_07_SEA_ARI,SEA @ ARI,SPREAD,ARI,3.5,1.9259,0.543029,4.58,1,win,0.9259,0.8715
2020,8,2020_08_NE_BUF,NE @ BUF,SPREAD,BUF,-4.0,1.9524,0.53048,3.57,1,lose,-1,0.95
2020,8,2020_08_TEN_CIN,TEN @ CIN,SPREAD,CIN,7.5,1.8475,0.564644,4.32,1,win,0.8474999999999999,0.87
2020,8,2020_08_MIN_GB,MIN @ GB,SPREAD,MIN,5.5,1.9901,0.533674,6.21,1,win,0.9901,0.87
2020,9,2020_09_SEA_BUF,SEA @ BUF,SPREAD,BUF,3.0,1.9901,0.537114,6.89,1,win,0.9901,0.95
2020,9,2020_09_CAR_KC,CAR @ KC,SPREAD,CAR,10.0,1.9434,0.549406,6.77,1,win,0.9434,0.95
2020,9,2020_09_CHI_TEN,CHI @ TEN,SPREAD,TEN,-6.5,1.9709,0.539298,6.29,1,win,0.9709000000000001,0.83
2020,9,2020_09_NYG_WAS,NYG @ WAS,SPREAD,NYG,3.0,1.9524,0.52604,2.7,1,win,0.9523999999999999,0.95
2020,9,2020_09_NE_NYJ,NE @ NYJ,SPREAD,NYJ,9.5,1.885,0.558385,5.26,1,win,0.885,0.95
2020,10,2020_10_TB_CAR,TB @ CAR,SPREAD,CAR,6.0,1.9804,0.537891,6.52,1,lose,-1,0.95
2020,10,2020_10_WAS_DET,WAS @ DET,SPREAD,DET,-2.5,1.9091,0.554974,5.95,1,win,0.9091,0.83
2020,11,2020_11_ARI_SEA,ARI @ SEA,SPREAD,ARI,3.0,1.9524,0.53908,5.25,1,lose,-1,0.95
2020,11,2020_11_TEN_BAL,TEN @ BAL,SPREAD,BAL,-6.0,1.9346,0.534942,3.49,1,lose,-1,0.95
2020,11,2020_11_PIT_JAX,PIT @ JAX,SPREAD,JAX,11.0,1.9346,0.529662,2.47,1,lose,-1,0.95
2020,11,2020_11_MIA_DEN,MIA @ DEN,SPREAD,MIA,-4.0,1.9524,0.52784,3.06,1,lose,-1,0.95
2020,11,2020_11_NYJ_LAC,NYJ @ LAC,SPREAD,LAC,-10.0,1.9901,0.536654,6.8,1,lose,-1,0.95
2020,11,2020_11_DAL_MIN,DAL @ MIN,SPREAD,DAL,7.0,1.9091,0.553734,5.71,1,win,0.9091,0.95
2020,12,2020_12_NYG_CIN,NYG @ CIN,SPREAD,CIN,6.5,1.9346,0.550782,6.55,1,win,0.9346000000000001,0.95
2020,12,2020_12_NYG_CIN,NYG @ CIN,TOTAL,under,45.0,1.9174,0.549448,5.35,1,win,0.9174,0.95
2020,12,2020_12_ARI_NE,ARI @ NE,SPREAD,ARI,-1.0,1.9346,0.532622,3.04,1,lose,-1,0.95
2020,12,2020_12_NO_DEN,NO @ DEN,TOTAL,over,36.5,1.9804,0.538167,6.58,1,lose,-1,0.95
2020,13,2020_13_DET_CHI,DET @ CHI,SPREAD,CHI,-3.0,1.9091,0.534854,2.11,1,lose,-1,0.95
2020,13,2020_13_IND_HOU,IND @ HOU,SPREAD,HOU,3.5,1.8929,0.557008,5.44,1,lose,-1,0.95
2020,13,2020_13_IND_HOU,IND @ HOU,TOTAL,under,50.0,1.9524,0.544357,6.28,1,win,0.9523999999999999,0.95
2020,13,2020_13_NE_LAC,NE @ LAC,SPREAD,LAC,-2.5,1.9804,0.531028,5.16,1,lose,-1,0.95
2020,13,2020_13_DEN_KC,DEN @ KC,SPREAD,DEN,13.0,1.8333,0.566913,3.93,1,win,0.8332999999999999,0.95
2020,13,2020_13_DAL_BAL,DAL @ BAL,SPREAD,DAL,8.5,1.9709,0.532272,4.91,1,lose,-1,0.95
2020,14,2020_14_NE_LA,NE @ LA,TOTAL,under,43.5,1.9804,0.539948,6.93,1,win,0.9803999999999999,0.95
2020,14,2020_14_DEN_CAR,DEN @ CAR,SPREAD,CAR,-4.0,1.9174,0.537486,3.06,1,lose,-1,0.95
2020,14,2020_14_TEN_JAX,TEN @ JAX,SPREAD,JAX,7.5,1.9615,0.537594,5.45,1,lose,-1,0.95
2020,14,2020_14_MIN_TB,MIN @ TB,SPREAD,TB,-7.0,1.9615,0.541754,6.27,1,win,0.9615,0.95
2020,14,2020_14_NO_PHI,NO @ PHI,SPREAD,PHI,7.5,1.9434,0.531526,3.3,1,win,0.9434,0.95
2020,14,2020_14_PIT_BUF,PIT @ BUF,TOTAL,under,48.5,1.9434,0.533853,3.75,1,win,0.9434,0.95
2020,15,2020_15_JAX_BAL,JAX @ BAL,SPREAD,JAX,13.0,1.8475,0.565044,4.39,1,lose,-1,0.95
2020,15,2020_15_HOU_IND,HOU @ IND,SPREAD,HOU,7.5,1.9259,0.533349,2.72,1,win,0.9259,0.95
2020,15,2020_15_DET_TEN,DET @ TEN,SPREAD,TEN,-9.5,2.02,0.526735,6.4,1,win,1.02,0.95
2020,16,2020_16_CIN_HOU,CIN @ HOU,SPREAD,CIN,7.5,1.885,0.556465,4.89,1,win,0.885,0.95
2020,16,2020_16_CIN_HOU,CIN @ HOU,TOTAL,under,46.0,1.9524,0.544357,6.28,1,lose,-1,0.95
2020,16,2020_16_CLE_NYJ,CLE @ NYJ,TOTAL,under,45.0,1.9524,0.543592,6.13,1,win,0.9523999999999999,0.95
2020,16,2020_16_IND_PIT,IND @ PIT,TOTAL,under,43.0,1.9524,0.538102,5.06,1,lose,-1,0.95
2020,16,2020_16_CAR_WAS,CAR @ WAS,SPREAD,WAS,1.0,1.9524,0.54632,6.66,1,lose,-1,0.95
2020,16,2020_16_TEN_GB,TEN @ GB,TOTAL,under,52.5,1.9615,0.534053,4.75,1,lose,-1,0.95
2020,17,2020_17_PIT_CLE,PIT @ CLE,SPREAD,PIT,10.5,1.9009,0.555631,5.62,1,win,0.9009,0.83
2020,17,2020_17_NYJ_NE,NYJ @ NE,SPREAD,NYJ,3.0,1.9901,0.531654,5.8,1,lose,-1,0.95
2020,17,2020_17_GB_CHI,GB @ CHI,TOTAL,under,48.5,1.8929,0.552569,4.6,1,lose,-1,0.95
2020,17,2020_17_TEN_HOU,TEN @ HOU,SPREAD,HOU,7.0,1.9009,0.556382,5.76,1,win,0.9009,0.95
2020,17,2020_17_WAS_PHI,WAS @ PHI,SPREAD,PHI,6.5,1.9901,0.537794,7.03,1,win,0.9901,0.95
2021,2,2021_02_NO_CAR,NO @ CAR,TOTAL,under,45.0,1.9434,0.545643,6.04,1,win,0.9434,0.4551
2021,2,2021_02_CIN_CHI,CIN @ CHI,SPREAD,CIN,2.0,1.9524,0.53344,4.15,1,lose,-1,0.4551
2021,2,2021_02_LA_IND,LA @ IND,TOTAL,under,48.0,1.8696,0.556321,4.01,1,lose,-1,0.4551
2021,2,2021_02_BUF_MIA,BUF @ MIA,SPREAD,MIA,3.5,1.885,0.551513,3.96,1,lose,-1,0.4551
2021,2,2021_02_DAL_LAC,DAL @ LAC,SPREAD,DAL,3.0,1.9174,0.533446,2.28,1,win,0.9174,0.4551
2021,3,2021_03_CAR_HOU,CAR @ HOU,SPREAD,CAR,-8.0,1.8696,0.557322,4.2,1,win,0.8695999999999999,0.4551
2021,3,2021_03_LAC_KC,LAC @ KC,SPREAD,LAC,6.5,2.0,0.535626,7.13,1,win,1.0,0.4551
2021,3,2021_03_NYJ_DEN,NYJ @ DEN,SPREAD,NYJ,10.5,1.9174,0.550486,5.55,1,lose,-1,0.4551
2021,3,2021_03_MIA_LV,MIA @ LV,SPREAD,LV,-4.0,1.9709,0.534818,5.41,1,lose,-1,0.3351
2021,4,2021_04_DET_CHI,DET @ CHI,SPREAD,DET,3.0,1.9174,0.546926,4.87,1,lose,-1,0.4551
2021,4,2021_04_CAR_DAL,CAR @ DAL,SPREAD,CAR,4.5,1.9434,0.543446,5.61,1,lose,-1,0.4551
2021,4,2021_04_CLE_MIN,CLE @ MIN,SPREAD,MIN,1.0,1.885,0.558225,5.23,1,lose,-1,0.4551
2021,4,2021_04_KC_PHI,KC @ PHI,TOTAL,under,53.5,1.9524,0.544357,6.28,1,lose,-1,0.4551
2021,4,2021_04_LV_LAC,LV @ LAC,SPREAD,LV,3.0,1.9901,0.530314,5.54,1,lose,-1,0.4551
2021,5,2021_05_PHI_CAR,PHI @ CAR,SPREAD,CAR,-2.5,1.8772,0.544784,2.27,1,lose,-1,0.5551
2021,5,2021_05_PHI_CAR,PHI @ CAR,TOTAL,under,46.0,1.9434,0.530433,3.08,1,win,0.9434,0.5551
2021,5,2021_05_CHI_LV,CHI @ LV,SPREAD,LV,-5.5,1.9259,0.552189,6.35,1,lose,-1,0.5551
2021,5,2021_05_SF_ARI,SF @ ARI,SPREAD,ARI,-6.0,2.0,0.531826,6.37,1,win,1.0,0.4351
2021,6,2021_06_GB_CHI,GB @ CHI,SPREAD,CHI,5.5,1.9615,0.532594,4.47,1,lose,-1,0.793
2021,6,2021_06_LV_DEN,LV @ DEN,SPREAD,LV,5.0,1.9009,0.540462,2.74,1,win,0.9009,0.95
2021,6,2021_06_SEA_PIT,SEA @ PIT,SPREAD,PIT,-5.5,1.9434,0.547726,6.45,1,lose,-1,0.7515
2021,7,2021_07_DEN_CLE,DEN @ CLE,SPREAD,DEN,2.0,1.9346,0.542302,4.91,1,lose,-1,0.75
2021,7,2021_07_CIN_BAL,CIN @ BAL,TOTAL,under,45.5,1.9804,0.532182,5.39,1,lose,-1,0.95
2021,7,2021_07_CHI_TB,CHI @ TB,SPREAD,CHI,12.5,1.8772,0.558853,4.91,1,lose,-1,0.95
2021,7,2021_07_IND_SF,IND @ SF,SPREAD,IND,3.5,1.8547,0.563752,4.56,1,win,0.8547,0.95
2021,8,2021_08_GB_ARI,GB @ ARI,SPREAD,GB,6.5,1.9615,0.531954,4.34,1,win,0.9615,0.95
2021,8,2021_08_LA_HOU,LA @ HOU,SPREAD,HOU,17.0,1.8475,0.563244,4.06,1,win,0.8474999999999999,0.83
2021,8,2021_08_TEN_IND,TEN @ IND,SPREAD,IND,-3.0,1.9259,0.533509,2.75,1,lose,-1,0.95
2021,8,2021_08_CIN_NYJ,CIN @ NYJ,SPREAD,CIN,-11.5,1.9524,0.52828,3.14,1,lose,-1,0.95
2021,8,2021_08_WAS_DEN,WAS @ DEN,TOTAL,under,45.0,1.8621,0.557529,3.82,1,win,0.8621000000000001,0.95
2021,9,2021_09_NYJ_IND,NYJ @ IND,SPREAD,IND,-10.5,1.9804,0.526611,4.29,1,win,0.9803999999999999,0.83
2021,9,2021_09_DEN_DAL,DEN @ DAL,SPREAD,DEN,10.5,1.9346,0.530022,2.54,1,win,0.9346000000000001,0.95
2021,10,2021_10_TB_WAS,TB @ WAS,SPREAD,WAS,10.0,1.8547,0.561392,4.12,1,win,0.8547,0.95
2021,11,2021_11_IND_BUF,IND @ BUF,TOTAL,under,49.5,1.9009,0.551365,4.81,1,lose,-1,0.95
2021,11,2021_11_HOU_TEN,HOU @ TEN,SPREAD,HOU,10.5,1.9091,0.541134,3.31,1,win,0.9091,0.83
2021,11,2021_11_CIN_LV,CIN @ LV,SPREAD,CIN,-1.0,1.8696,0.552816,3.35,1,win,0.8695999999999999,0.95
2021,12,2021_12_LV_DAL,LV @ DAL,SPREAD,DAL,-7.0,1.9524,0.526019,2.7,1,lose,-1,0.95
2021,12,2021_12_BUF_NO,BUF @ NO,TOTAL,under,45.0,1.9091,0.550707,5.14,1,win,0.9091,0.95
2021,12,2021_12_TB_IND,TB @ IND,SPREAD,IND,3.0,1.8929,0.547808,3.69,1,lose,-1,0.95
2021,12,2021_12_MIN_SF,MIN @ SF,SPREAD,MIN,3.5,1.9259,0.542629,4.5,1,lose,-1,0.95
2021,13,2021_13_ARI_CHI,ARI @ CHI,SPREAD,ARI,-7.5,1.8621,0.561668,4.59,1,win,0.8621000000000001,0.95
2021,13,2021_13_MIN_DET,MIN @ DET,SPREAD,DET,7.0,1.9346,0.537555,4.0,1,win,0.9346000000000001,0.95
2021,13,2021_13_IND_HOU,IND @ HOU,SPREAD,IND,-10.0,1.9524,0.531579,3.79,1,win,0.9523999999999999,0.83
2021,13,2021_13_PHI_NYJ,PHI @ NYJ,SPREAD,NYJ,5.0,1.885,0.558385,5.26,1,lose,-1,0.95
2021,13,2021_13_SF_SEA,SF @ SEA,SPREAD,SEA,3.0,1.8333,0.563513,3.31,1,win,0.8332999999999999,0.95
2021,13,2021_13_DEN_KC,DEN @ KC,SPREAD,DEN,8.5,1.9434,0.532821,3.55,1,lose,-1,0.87
2021,14,2021_14_SEA_HOU,SEA @ HOU,SPREAD,HOU,10.0,1.8621,0.551908,2.77,1,lose,-1,0.95
2021,14,2021_14_LV_KC,LV @ KC,SPREAD,LV,10.0,1.9259,0.542128,4.41,1,lose,-1,0.95
2021,14,2021_14_JAX_TEN,JAX @ TEN,SPREAD,JAX,8.5,1.9259,0.545128,4.99,1,lose,-1,0.95
2021,14,2021_14_LA_ARI,LA @ ARI,TOTAL,under,51.0,1.9434,0.544968,5.91,1,lose,-1,0.95
2021,15,2021_15_KC_LAC,KC @ LAC,TOTAL,under,54.0,1.885,0.553828,4.4,1,lose,-1,0.95
2021,15,2021_15_NYJ_MIA,NYJ @ MIA,TOTAL,over,42.0,1.9346,0.535022,3.51,1,win,0.9346000000000001,0.95
2021,15,2021_15_NO_TB,NO @ TB,SPREAD,NO,11.5,1.9901,0.529774,5.43,1,win,0.9901,0.95
2021,16,2021_16_SF_TEN,SF @ TEN,SPREAD,TEN,3.5,1.8333,0.566913,3.93,1,win,0.8332999999999999,0.95
2021,16,2021_16_IND_ARI,IND @ ARI,TOTAL,under,48.0,1.9434,0.545643,6.04,1,win,0.9434,0.95
2021,16,2021_16_DET_ATL,DET @ ATL,SPREAD,DET,7.5,1.9434,0.535021,3.98,1,win,0.9434,0.95
2021,16,2021_16_TB_CAR,TB @ CAR,TOTAL,under,44.5,1.885,0.553828,4.4,1,win,0.885,0.95
2021,16,2021_16_LA_MIN,LA @ MIN,SPREAD,MIN,3.5,1.9259,0.551448,6.2,1,lose,-1,0.95
2021,16,2021_16_BUF_NE,BUF @ NE,TOTAL,under,43.5,1.9524,0.544357,6.28,1,lose,-1,0.95
2021,17,2021_17_ATL_BUF,ATL @ BUF,TOTAL,under,46.5,1.9709,0.541839,6.79,1,win,0.9709000000000001,0.95
2021,17,2021_17_NYG_CHI,NYG @ CHI,SPREAD,NYG,7.0,1.8696,0.559682,4.64,1,lose,-1,0.95
2021,17,2021_17_KC_CIN,KC @ CIN,SPREAD,CIN,3.5,1.9259,0.534128,2.87,1,win,0.9259,0.95
2021,17,2021_17_JAX_NE,JAX @ NE,TOTAL,under,42.0,1.9259,0.543481,4.67,1,lose,-1,0.95
2021,17,2021_17_HOU_SF,HOU @ SF,SPREAD,HOU,14.0,1.885,0.556871,4.97,1,lose,-1,0.83
2021,17,2021_17_MIN_GB,MIN @ GB,TOTAL,over,42.0,1.9009,0.551995,4.93,1,win,0.9009,0.95
2021,17,2021_17_CLE_PIT,CLE @ PIT,TOTAL,under,43.5,1.9009,0.551995,4.93,1,win,0.9009,0.95
2021,18,2021_18_DAL_PHI,DAL @ PHI,TOTAL,under,46.0,1.9091,0.545,4.05,1,lose,-1,0.95
2022,2,2022_02_LAC_KC,LAC @ KC,TOTAL,under,52.5,1.9901,0.53869,7.2,1,win,0.9901,0.4551
2022,2,2022_02_TB_NO,TB @ NO,SPREAD,NO,2.5,1.9804,0.530668,5.09,1,lose,-1,0.4551
2022,2,2022_02_CHI_GB,CHI @ GB,TOTAL,under,42.0,1.9615,0.542488,6.41,1,win,0.9615,0.4551
2022,3,2022_03_PIT_CLE,PIT @ CLE,SPREAD,PIT,4.5,1.9009,0.541702,2.97,1,lose,-1,0.4551
2022,3,2022_03_BUF_MIA,BUF @ MIA,SPREAD,MIA,4.0,1.9434,0.541166,5.17,1,win,0.9434,0.4551
2022,3,2022_03_PHI_WAS,PHI @ WAS,SPREAD,WAS,6.0,1.8929,0.557763,5.58,1,lose,-1,0.4551
2022,3,2022_03_PHI_WAS,PHI @ WAS,TOTAL,over,47.0,1.9009,0.55131,4.8,1,lose,-1,0.4551
2022,3,2022_03_LA_ARI,LA @ ARI,SPREAD,ARI,3.5,1.8696,0.554602,3.69,1,lose,-1,0.4551
2022,3,2022_03_DAL_NYG,DAL @ NYG,SPREAD,NYG,-1.0,1.885,0.553073,4.25,1,lose,-1,0.3351
2022,4,2022_04_JAX_PHI,JAX @ PHI,TOTAL,over,44.0,1.9009,0.54881,4.32,1,win,0.9009,0.4551
2022,5,2022_05_NYG_GB,NYG @ GB,SPREAD,GB,-8.5,1.8696,0.550522,2.93,1,lose,-1,0.5551
2022,5,2022_05_HOU_JAX,HOU @ JAX,SPREAD,JAX,-7.0,2.02,0.525495,6.15,1,lose,-1,0.5551
2022,5,2022_05_CHI_MIN,CHI @ MIN,TOTAL,under,44.0,1.9434,0.545,5.92,1,lose,-1,0.5551
2022,5,2022_05_DET_NE,DET @ NE,SPREAD,DET,3.0,1.885,0.543025,2.36,1,lose,-1,0.5551
2022,5,2022_05_CIN_BAL,CIN @ BAL,SPREAD,CIN,3.0,2.03,0.527907,7.17,1,win,1.0299999999999998,0.5551
2022,5,2022_05_LV_KC,LV @ KC,TOTAL,under,51.5,1.9174,0.548769,5.22,1,lose,-1,0.5551
2022,6,2022_06_WAS_CHI,WAS @ CHI,TOTAL,under,38.5,1.9524,0.543744,6.16,1,win,0.9523999999999999,0.8715
2022,6,2022_06_NE_CLE,NE @ CLE,SPREAD,CLE,-2.5,1.9009,0.543462,3.31,1,lose,-1,0.8715
2022,6,2022_06_JAX_IND,JAX @ IND,SPREAD,JAX,1.0,2.03,0.526987,6.98,1,lose,-1,0.95
2022,6,2022_06_CIN_NO,CIN @ NO,SPREAD,CIN,-3.0,1.9091,0.540894,3.26,1,win,0.9091,0.95
2022,6,2022_06_BAL_NYG,BAL @ NYG,SPREAD,NYG,5.5,1.9709,0.537098,5.86,1,win,0.9709000000000001,0.8715
2022,6,2022_06_BUF_KC,BUF @ KC,TOTAL,under,54.0,1.9524,0.543744,6.16,1,win,0.9523999999999999,0.95
2022,7,2022_07_NO_ARI,NO @ ARI,SPREAD,NO,2.5,1.9901,0.527114,4.9,1,lose,-1,0.95
2022,7,2022_07_CLE_BAL,CLE @ BAL,SPREAD,CLE,6.5,2.0,0.527826,5.57,1,win,1.0,0.95
2022,7,2022_07_NYJ_DEN,NYJ @ DEN,TOTAL,under,37.0,1.8772,0.554396,4.07,1,win,0.8772,0.95
2022,7,2022_07_SEA_LAC,SEA @ LAC,SPREAD,SEA,5.5,1.9009,0.556382,5.76,1,win,0.9009,0.95
2022,7,2022_07_CHI_NE,CHI @ NE,TOTAL,under,40.0,1.9434,0.545,5.92,1,lose,-1,0.95
2022,8,2022_08_WAS_IND,WAS @ IND,SPREAD,WAS,3.0,1.8772,0.559733,5.07,1,win,0.8772,0.83
2022,8,2022_08_GB_BUF,GB @ BUF,TOTAL,under,47.0,1.9615,0.539293,5.78,1,win,0.9615,0.95
2022,9,2022_09_PHI_HOU,PHI @ HOU,SPREAD,HOU,14.0,1.885,0.547665,3.23,1,win,0.885,0.95
2022,9,2022_09_GB_DET,GB @ DET,SPREAD,DET,4.0,1.9709,0.539258,6.28,1,win,0.9709000000000001,0.95
2022,10,2022_10_MIN_BUF,MIN @ BUF,SPREAD,MIN,6.5,1.9615,0.532154,4.38,1,win,0.9615,0.95
2022,10,2022_10_HOU_NYG,HOU @ NYG,TOTAL,under,41.5,1.9174,0.548769,5.22,1,win,0.9174,0.95
2022,10,2022_10_NO_PIT,NO @ PIT,SPREAD,PIT,-1.0,1.9346,0.544662,5.37,1,win,0.9346000000000001,0.95
2022,10,2022_10_IND_LV,IND @ LV,SPREAD,LV,-4.5,2.01,0.528992,6.33,1,lose,-1,0.95
2022,10,2022_10_IND_LV,IND @ LV,TOTAL,under,41.0,2.01,0.535604,7.66,1,lose,-1,0.95
2022,10,2022_10_ARI_LA,ARI @ LA,SPREAD,ARI,3.5,1.9091,0.545152,4.07,1,win,0.9091,0.95
2022,10,2022_10_WAS_PHI,WAS @ PHI,TOTAL,under,43.0,1.9709,0.540871,6.6,1,lose,-1,0.95
2022,11,2022_11_CHI_ATL,CHI @ ATL,TOTAL,under,48.5,1.9259,0.547152,5.38,1,lose,-1,0.95
2022,11,2022_11_NYJ_NE,NYJ @ NE,TOTAL,under,38.5,1.9709,0.541231,6.67,1,win,0.9709000000000001,0.95
2022,11,2022_11_CIN_PIT,CIN @ PIT,SPREAD,PIT,3.5,1.9009,0.539702,2.59,1,lose,-1,0.95
2022,11,2022_11_KC_LAC,KC @ LAC,SPREAD,LAC,5.5,1.9259,0.534429,2.93,1,win,0.9259,0.95
2022,12,2022_12_NYG_DAL,NYG @ DAL,SPREAD,NYG,10.5,1.8772,0.546624,2.61,1,win,0.8772,0.95
2022,12,2022_12_DEN_CAR,DEN @ CAR,SPREAD,DEN,-1.0,1.9174,0.538246,3.2,1,lose,-1,0.95
2022,12,2022_12_BAL_JAX,BAL @ JAX,TOTAL,over,43.0,1.9009,0.550655,4.67,1,win,0.9009,0.95
2022,12,2022_12_CHI_NYJ,CHI @ NYJ,SPREAD,CHI,8.5,1.9346,0.545382,5.51,1,lose,-1,0.95
2022,12,2022_12_ATL_WAS,ATL @ WAS,SPREAD,ATL,3.5,1.9091,0.548014,4.62,1,lose,-1,0.95
2022,12,2022_12_LAC_ARI,LAC @ ARI,SPREAD,LAC,-2.5,1.9259,0.534269,2.89,1,lose,-1,0.95
2022,12,2022_12_NO_SF,NO @ SF,SPREAD,NO,9.5,1.885,0.552113,4.07,1,lose,-1,0.95
2022,12,2022_12_GB_PHI,GB @ PHI,SPREAD,PHI,-6.5,1.9524,0.5256,2.62,1,win,0.9523999999999999,0.87
2022,13,2022_13_PIT_ATL,PIT @ ATL,TOTAL,over,43.0,1.9615,0.542218,6.36,1,lose,-1,0.95
2022,13,2022_13_CLE_HOU,CLE @ HOU,SPREAD,HOU,7.5,1.9804,0.531211,5.2,1,lose,-1,0.95
2022,13,2022_13_KC_CIN,KC @ CIN,TOTAL,under,53.0,1.9346,0.546256,5.68,1,win,0.9346000000000001,0.95
2022,13,2022_13_IND_DAL,IND @ DAL,SPREAD,IND,11.0,1.9174,0.548246,5.12,1,lose,-1,0.95
2022,14,2022_14_BAL_PIT,BAL @ PIT,SPREAD,PIT,-1.5,1.9174,0.539766,3.49,1,lose,-1,0.95
2022,14,2022_14_KC_DEN,KC @ DEN,TOTAL,under,44.5,1.8929,0.549464,4.01,1,lose,-1,0.95
2022,14,2022_14_TB_SF,TB @ SF,SPREAD,TB,3.5,1.9346,0.547142,5.85,1,lose,-1,0.83
2022,15,2022_15_PHI_CHI,PHI @ CHI,TOTAL,under,48.0,1.9091,0.549374,4.88,1,win,0.9091,0.87
2022,15,2022_15_DAL_JAX,DAL @ JAX,SPREAD,JAX,4.0,1.9091,0.538134,2.74,1,win,0.9091,0.95
2022,16,2022_16_ATL_BAL,ATL @ BAL,TOTAL,over,35.0,1.9346,0.538201,4.12,1,lose,-1,0.83
2022,16,2022_16_NYG_MIN,NYG @ MIN,TOTAL,under,48.0,1.9174,0.54812,5.1,1,lose,-1,0.95
2022,16,2022_16_CIN_NE,CIN @ NE,TOTAL,under,42.0,1.9174,0.548769,5.22,1,win,0.9174,0.95
2022,16,2022_16_GB_MIA,GB @ MIA,SPREAD,GB,3.5,1.9346,0.533182,3.15,1,win,0.9346000000000001,0.95
2022,16,2022_16_TB_ARI,TB @ ARI,SPREAD,ARI,7.5,1.885,0.545705,2.87,1,win,0.885,0.83
2022,16,2022_16_LAC_IND,LAC @ IND,SPREAD,IND,3.5,1.9259,0.552189,6.35,1,lose,-1,0.95
2022,17,2022_17_DAL_TEN,DAL @ TEN,SPREAD,TEN,14.0,1.9091,0.537814,2.67,1,null,0.0,0.83
2022,17,2022_17_CHI_DET,CHI @ DET,SPREAD,CHI,4.5,1.9524,0.5298,3.44,1,lose,-1,0.95
2022,17,2022_17_CHI_DET,CHI @ DET,TOTAL,under,52.5,1.9009,0.55131,4.8,1,win,0.9009,0.95
2022,17,2022_17_CLE_WAS,CLE @ WAS,TOTAL,under,41.5,1.9174,0.539589,3.46,1,win,0.9174,0.95
2022,17,2022_17_MIN_GB,MIN @ GB,TOTAL,under,47.5,1.9709,0.541231,6.67,1,lose,-1,0.95
2022,18,2022_18_KC_LV,KC @ LV,TOTAL,under,51.5,1.9259,0.547512,5.45,1,win,0.9259,0.95
2022,18,2022_18_TB_ATL,TB @ ATL,SPREAD,TB,6.0,1.9091,0.540854,3.25,1,lose,-1,0.95
2022,18,2022_18_HOU_IND,HOU @ IND,SPREAD,HOU,3.0,1.8403,0.566336,4.22,1,win,0.8403,0.83
2022,18,2022_18_CAR_NO,CAR @ NO,TOTAL,under,41.5,1.9346,0.545806,5.59,1,win,0.9346000000000001,0.95
2022,18,2022_18_CLE_PIT,CLE @ PIT,TOTAL,over,40.0,1.9434,0.545,5.92,1,win,0.9434,0.95
2022,18,2022_18_DET_GB,DET @ GB,SPREAD,DET,5.5,1.9091,0.542014,3.48,1,win,0.9091,0.95
2023,2,2023_02_MIN_PHI,MIN @ PHI,SPREAD,MIN,6.0,1.9091,0.542,3.47,1,null,0.0,0.4551
2023,2,2023_02_LV_BUF,LV @ BUF,TOTAL,under,47.0,1.9091,0.545,4.05,1,lose,-1,0.4551
2023,2,2023_02_NYG_ARI,NYG @ ARI,TOTAL,under,40.0,1.9091,0.54347,3.75,1,lose,-1,0.4135
2023,2,2023_02_MIA_NE,MIA @ NE,TOTAL,over,46.5,1.9259,0.539596,3.92,1,lose,-1,0.4551
2023,3,2023_03_TEN_CLE,TEN @ CLE,SPREAD,CLE,-3.5,1.9091,0.53548,2.23,1,win,0.9091,0.4551
2023,3,2023_03_TEN_CLE,TEN @ CLE,TOTAL,under,38.0,1.9091,0.543605,3.78,1,win,0.9091,0.4551
2023,3,2023_03_HOU_JAX,HOU @ JAX,SPREAD,HOU,7.5,1.9091,0.5418,3.44,1,win,0.9091,0.4551
2023,3,2023_03_NE_NYJ,NE @ NYJ,TOTAL,over,35.5,1.9091,0.545,4.05,1,lose,-1,0.4551
2023,3,2023_03_PHI_TB,PHI @ TB,TOTAL,under,44.0,1.9259,0.542611,4.5,1,win,0.9259,0.4551
2023,4,2023_04_DET_GB,DET @ GB,SPREAD,GB,2.5,1.9804,0.526202,4.21,1,lose,-1,0.4551
2023,4,2023_04_ATL_JAX,ATL @ JAX,SPREAD,ATL,3.5,1.9091,0.5372,2.56,1,lose,-1,0.4551
2023,4,2023_04_PIT_HOU,PIT @ HOU,SPREAD,HOU,3.0,1.9091,0.53564,2.26,1,win,0.9091,0.4551
2023,4,2023_04_PIT_HOU,PIT @ HOU,TOTAL,under,41.5,1.9091,0.545,4.05,1,win,0.9091,0.4551
2023,4,2023_04_KC_NYJ,KC @ NYJ,TOTAL,under,41.5,1.9524,0.539039,5.24,1,lose,-1,0.4551
2023,4,2023_04_SEA_NYG,SEA @ NYG,TOTAL,under,46.5,1.8696,0.550961,3.01,1,win,0.8695999999999999,0.4551
2023,5,2023_05_CAR_DET,CAR @ DET,SPREAD,CAR,9.5,1.9091,0.54192,3.46,1,lose,-1,0.5551
2023,5,2023_05_CIN_ARI,CIN @ ARI,TOTAL,under,45.5,1.9091,0.545,4.05,1,lose,-1,0.5551
2023,5,2023_05_NYJ_DEN,NYJ @ DEN,SPREAD,NYJ,2.5,1.9091,0.53732,2.58,1,win,0.9091,0.5551
2023,5,2023_05_NYJ_DEN,NYJ @ DEN,TOTAL,over,42.5,1.9091,0.542075,3.49,1,win,0.9091,0.5551
2023,5,2023_05_GB_LV,GB @ LV,SPREAD,GB,1.0,1.9091,0.54188,3.45,1,lose,-1,0.5551
2023,6,2023_06_MIN_CHI,MIN @ CHI,TOTAL,under,44.5,1.8929,0.547389,3.62,1,win,0.8929,0.95
2023,6,2023_06_SF_CLE,SF @ CLE,TOTAL,under,36.0,1.9091,0.543875,3.83,1,null,0.0,0.6208
2023,6,2023_06_PHI_NYJ,PHI @ NYJ,SPREAD,NYJ,6.5,1.9524,0.532417,3.95,1,win,0.9523999999999999,0.8715
2023,6,2023_06_DET_TB,DET @ TB,TOTAL,under,43.5,1.8929,0.544284,3.03,1,win,0.8929,0.7408
2023,6,2023_06_DAL_LAC,DAL @ LAC,TOTAL,under,49.5,1.9259,0.542611,4.5,1,win,0.9259,0.7408
2023,7,2023_07_MIA_PHI,MIA @ PHI,SPREAD,MIA,3.0,1.8929,0.545566,3.27,1,lose,-1,0.95
2023,7,2023_07_SF_MIN,SF @ MIN,SPREAD,MIN,7.0,1.8696,0.552623,3.32,1,win,0.8695999999999999,0.95
2023,8,2023_08_NE_MIA,NE @ MIA,TOTAL,under,46.5,1.9091,0.545,4.05,1,lose,-1,0.95
2023,8,2023_08_PHI_WAS,PHI @ WAS,TOTAL,over,42.5,1.9091,0.540185,3.13,1,win,0.9091,0.95
2023,8,2023_08_CIN_SF,CIN @ SF,SPREAD,SF,-4.0,1.8696,0.547423,2.35,1,lose,-1,0.95
2023,8,2023_08_CIN_SF,CIN @ SF,TOTAL,under,44.0,1.9091,0.545,4.05,1,lose,-1,0.95
2023,8,2023_08_CHI_LAC,CHI @ LAC,SPREAD,LAC,-9.5,1.8929,0.550606,4.22,1,win,0.8929,0.83
2023,9,2023_09_MIA_KC,MIA @ KC,TOTAL,under,51.0,1.9259,0.542611,4.5,1,win,0.9259,0.95
2023,9,2023_09_CHI_NO,CHI @ NO,SPREAD,NO,-9.0,1.8929,0.542366,2.66,1,lose,-1,0.95
2023,9,2023_09_DAL_PHI,DAL @ PHI,TOTAL,under,46.5,1.9091,0.544235,3.9,1,lose,-1,0.95
2023,10,2023_10_CLE_BAL,CLE @ BAL,SPREAD,BAL,-6.0,1.9259,0.542554,4.49,1,lose,-1,0.95
2023,10,2023_10_SF_JAX,SF @ JAX,TOTAL,under,44.5,1.8929,0.546129,3.38,1,win,0.8929,0.95
2023,10,2023_10_TEN_TB,TEN @ TB,SPREAD,TB,-2.5,1.8696,0.545863,2.05,1,win,0.8695999999999999,0.95
2023,10,2023_10_TEN_TB,TEN @ TB,TOTAL,under,39.5,1.9091,0.543605,3.78,1,win,0.9091,0.95
2023,10,2023_10_DET_LAC,DET @ LAC,SPREAD,LAC,2.5,1.9091,0.53484,2.11,1,lose,-1,0.95
2023,10,2023_10_DET_LAC,DET @ LAC,TOTAL,under,48.5,1.9091,0.54338,3.74,1,lose,-1,0.95
2023,10,2023_10_NYG_DAL,NYG @ DAL,TOTAL,under,38.5,1.9259,0.538021,3.62,1,lose,-1,0.95
2023,10,2023_10_WAS_SEA,WAS @ SEA,TOTAL,over,44.0,1.9259,0.538651,3.74,1,win,0.9259,0.95
2023,11,2023_11_CHI_DET,CHI @ DET,TOTAL,under,48.0,1.9091,0.545,4.05,1,lose,-1,0.95
2023,11,2023_11_TEN_JAX,TEN @ JAX,SPREAD,TEN,6.5,1.9524,0.535337,4.52,1,lose,-1,0.95
2023,11,2023_11_MIN_DEN,MIN @ DEN,SPREAD,DEN,-2.5,1.8475,0.558398,3.16,1,lose,-1,0.95
2023,11,2023_11_MIN_DEN,MIN @ DEN,TOTAL,under,43.5,1.8696,0.550961,3.01,1,win,0.8695999999999999,0.95
2023,12,2023_12_SF_SEA,SF @ SEA,TOTAL,over,43.5,1.9524,0.531569,3.78,1,win,0.9523999999999999,0.95
2023,12,2023_12_PIT_CIN,PIT @ CIN,TOTAL,under,36.0,1.9259,0.542611,4.5,1,win,0.9259,0.83
2023,12,2023_12_CAR_TEN,CAR @ TEN,SPREAD,TEN,-3.5,1.9524,0.525358,2.57,1,win,0.9523999999999999,0.95
2023,12,2023_12_BAL_LAC,BAL @ LAC,SPREAD,LAC,3.0,1.9524,0.525897,2.68,1,lose,-1,0.95
2023,13,2023_13_DEN_HOU,DEN @ HOU,TOTAL,under,47.5,1.9091,0.542165,3.5,1,win,0.9091,0.95
2023,13,2023_13_ATL_NYJ,ATL @ NYJ,TOTAL,under,33.0,1.9091,0.541265,3.33,1,win,0.9091,0.83
2023,14,2023_14_JAX_CLE,JAX @ CLE,SPREAD,CLE,-2.5,1.8929,0.547686,3.67,1,win,0.8929,0.95
2023,14,2023_14_BUF_KC,BUF @ KC,TOTAL,under,49.5,1.9091,0.545,4.05,1,win,0.9091,0.95
2023,14,2023_14_TEN_MIA,TEN @ MIA,SPREAD,TEN,14.0,1.9091,0.54552,4.15,1,win,0.9091,0.95
2023,14,2023_14_GB_NYG,GB @ NYG,SPREAD,NYG,6.0,1.9259,0.536794,3.38,1,win,0.9259,0.95
2023,16,2023_16_NO_LA,NO @ LA,TOTAL,under,45.5,1.8929,0.547389,3.62,1,lose,-1,0.95
2023,16,2023_16_CIN_PIT,CIN @ PIT,SPREAD,CIN,-3.0,1.9524,0.530457,3.57,1,lose,-1,0.83
2023,16,2023_16_JAX_TB,JAX @ TB,TOTAL,under,43.0,1.9259,0.542611,4.5,1,win,0.9259,0.95
2023,17,2023_17_TEN_HOU,TEN @ HOU,SPREAD,TEN,5.0,1.9524,0.526217,2.74,1,lose,-1,0.95
2023,17,2023_17_TEN_HOU,TEN @ HOU,TOTAL,under,44.0,1.9259,0.542206,4.42,1,win,0.9259,0.95
2023,17,2023_17_CAR_JAX,CAR @ JAX,SPREAD,CAR,3.5,1.9091,0.54564,4.17,1,lose,-1,0.95
2023,17,2023_17_LA_NYG,LA @ NYG,SPREAD,NYG,6.0,1.9259,0.533074,2.66,1,win,0.9259,0.95
2023,17,2023_17_LAC_DEN,LAC @ DEN,SPREAD,LAC,3.5,1.9259,0.533594,2.76,1,lose,-1,0.95
2023,17,2023_17_CIN_KC,CIN @ KC,TOTAL,under,46.0,1.8929,0.547389,3.62,1,win,0.8929,0.95
2023,18,2023_18_DEN_LV,DEN @ LV,SPREAD,DEN,3.5,1.8475,0.558438,3.17,1,lose,-1,0.95
2024,2,2024_02_BUF_MIA,BUF @ MIA,SPREAD,BUF,2.5,1.9091,0.53824,2.76,1,win,0.9091,0.4551
2024,2,2024_02_SF_MIN,SF @ MIN,TOTAL,under,46.5,1.9259,0.542611,4.5,1,win,0.9259,0.4551
2024,2,2024_02_LA_ARI,LA @ ARI,SPREAD,ARI,1.0,1.8696,0.549783,2.79,1,win,0.8695999999999999,0.4551
2024,2,2024_02_ATL_PHI,ATL @ PHI,SPREAD,ATL,5.5,1.9524,0.530537,3.58,1,win,0.9523999999999999,0.4551
2024,2,2024_02_ATL_PHI,ATL @ PHI,TOTAL,under,46.5,1.9091,0.545,4.05,1,win,0.9091,0.4551
2024,3,2024_03_NE_NYJ,NE @ NYJ,SPREAD,NE,6.5,1.9091,0.53576,2.28,1,lose,-1,0.4551
2024,3,2024_03_NE_NYJ,NE @ NYJ,TOTAL,over,39.0,1.8929,0.547389,3.62,1,lose,-1,0.4551
2024,3,2024_03_CHI_IND,CHI @ IND,SPREAD,IND,-1.5,1.8929,0.542806,2.75,1,win,0.8929,0.4551
2024,3,2024_03_PHI_NO,PHI @ NO,TOTAL,over,49.0,1.9091,0.545,4.05,1,lose,-1,0.4551
2024,3,2024_03_GB_TEN,GB @ TEN,SPREAD,TEN,-3.0,1.9259,0.532514,2.56,1,lose,-1,0.4551
2024,3,2024_03_DET_ARI,DET @ ARI,TOTAL,under,51.5,1.8929,0.547389,3.62,1,win,0.8929,0.4551
2024,3,2024_03_KC_ATL,KC @ ATL,SPREAD,ATL,3.0,1.9804,0.526202,4.21,1,lose,-1,0.4551
2024,4,2024_04_DAL_NYG,DAL @ NYG,TOTAL,under,45.0,1.8929,0.547389,3.62,1,win,0.8929,0.4551
2024,4,2024_04_DEN_NYJ,DEN @ NYJ,SPREAD,DEN,7.5,1.9259,0.538034,3.62,1,win,0.9259,0.4551
2024,4,2024_04_PHI_TB,PHI @ TB,SPREAD,PHI,-1.0,1.9091,0.53948,2.99,1,lose,-1,0.4551
2024,5,2024_05_TB_ATL,TB @ ATL,TOTAL,under,44.0,1.9091,0.545,4.05,1,lose,-1,0.5551
2024,5,2024_05_ARI_SF,ARI @ SF,TOTAL,under,48.5,1.9259,0.542611,4.5,1,win,0.9259,0.5551
2024,5,2024_05_NYG_SEA,NYG @ SEA,TOTAL,under,42.5,1.9091,0.54005,3.1,1,lose,-1,0.5551
2024,5,2024_05_DAL_PIT,DAL @ PIT,SPREAD,DAL,2.5,1.9259,0.533554,2.76,1,win,0.9259,0.5551
2024,6,2024_06_ARI_GB,ARI @ GB,TOTAL,under,47.0,1.9091,0.545,4.05,1,null,0.0,0.8715
2024,6,2024_06_HOU_NE,HOU @ NE,SPREAD,NE,6.5,1.8929,0.550246,4.16,1,lose,-1,0.8715
2024,6,2024_06_HOU_NE,HOU @ NE,TOTAL,under,38.5,1.8929,0.547389,3.62,1,lose,-1,0.8715
2024,6,2024_06_IND_TEN,IND @ TEN,TOTAL,under,42.0,1.8929,0.547389,3.62,1,win,0.8929,0.6741
2024,6,2024_06_PIT_LV,PIT @ LV,SPREAD,LV,3.5,1.9091,0.54408,3.87,1,lose,-1,0.8715
2024,6,2024_06_CIN_NYG,CIN @ NYG,SPREAD,NYG,4.5,1.9259,0.535714,3.17,1,lose,-1,0.8715
2024,7,2024_07_DEN_NO,DEN @ NO,SPREAD,DEN,-2.5,1.8475,0.558438,3.17,1,win,0.8474999999999999,0.95
2024,7,2024_07_CIN_CLE,CIN @ CLE,TOTAL,over,42.0,1.9259,0.542611,4.5,1,lose,-1,0.95
2024,7,2024_07_PHI_NYG,PHI @ NYG,SPREAD,NYG,3.0,2.0,0.525944,5.19,1,lose,-1,0.95
2024,7,2024_07_LV_LA,LV @ LA,TOTAL,under,43.0,1.9524,0.531839,3.84,1,win,0.9523999999999999,0.95
2024,7,2024_07_NYJ_PIT,NYJ @ PIT,TOTAL,under,40.0,1.9091,0.54203,3.48,1,lose,-1,0.95
2024,7,2024_07_BAL_TB,BAL @ TB,SPREAD,TB,4.5,1.9091,0.54728,4.48,1,lose,-1,0.95
2024,8,2024_08_IND_HOU,IND @ HOU,SPREAD,IND,5.0,1.8929,0.541846,2.57,1,win,0.8929,0.95
2024,8,2024_08_IND_HOU,IND @ HOU,TOTAL,under,45.0,1.9259,0.542611,4.5,1,win,0.9259,0.95
2024,8,2024_08_KC_LV,KC @ LV,TOTAL,under,42.0,1.9259,0.542611,4.5,1,lose,-1,0.95
2024,8,2024_08_CHI_WAS,CHI @ WAS,TOTAL,under,46.5,1.9259,0.535636,3.16,1,win,0.9259,0.95
2024,8,2024_08_NYG_PIT,NYG @ PIT,SPREAD,NYG,6.0,1.9524,0.533177,4.1,1,lose,-1,0.95
2024,9,2024_09_DAL_ATL,DAL @ ATL,SPREAD,ATL,-3.0,1.8696,0.554503,3.67,1,win,0.8695999999999999,0.95
2024,9,2024_09_DEN_BAL,DEN @ BAL,SPREAD,DEN,9.0,1.8696,0.554503,3.67,1,lose,-1,0.95
2024,9,2024_09_NE_TEN,NE @ TEN,SPREAD,NE,3.0,1.9524,0.529097,3.3,1,null,0.0,0.95
2024,9,2024_09_CHI_ARI,CHI @ ARI,SPREAD,ARI,-1.5,1.9091,0.53532,2.2,1,win,0.9091,0.95
2024,10,2024_10_NE_CHI,NE @ CHI,TOTAL,under,37.5,1.8929,0.547389,3.62,1,win,0.8929,0.95
2024,10,2024_10_PIT_WAS,PIT @ WAS,SPREAD,PIT,1.5,1.9091,0.53572,2.27,1,win,0.9091,0.95
2024,10,2024_10_PHI_DAL,PHI @ DAL,SPREAD,PHI,-7.5,1.9259,0.538954,3.8,1,win,0.9259,0.83
2024,11,2024_11_LV_MIA,LV @ MIA,SPREAD,LV,8.0,1.9524,0.532297,3.93,1,lose,-1,0.95
2024,11,2024_11_LA_NE,LA @ NE,SPREAD,NE,4.0,1.8929,0.546446,3.44,1,lose,-1,0.95
2024,13,2024_13_MIA_GB,MIA @ GB,SPREAD,GB,-3.5,1.9524,0.527857,3.06,1,win,0.9523999999999999,0.95
2024,13,2024_13_LV_KC,LV @ KC,SPREAD,LV,13.5,1.9259,0.533274,2.7,1,win,0.9259,0.95
2024,13,2024_13_HOU_JAX,HOU @ JAX,TOTAL,under,44.5,1.9259,0.539011,3.81,1,win,0.9259,0.95
2024,13,2024_13_ARI_MIN,ARI @ MIN,TOTAL,under,45.5,1.8929,0.545004,3.16,1,win,0.8929,0.95
2024,13,2024_13_TEN_WAS,TEN @ WAS,TOTAL,under,45.0,1.9259,0.542611,4.5,1,lose,-1,0.95
2024,13,2024_13_PHI_BAL,PHI @ BAL,TOTAL,under,50.0,1.9091,0.545,4.05,1,win,0.9091,0.95
2024,13,2024_13_SF_BUF,SF @ BUF,SPREAD,BUF,-6.5,1.8475,0.558438,3.17,1,win,0.8474999999999999,0.95
2024,13,2024_13_SF_BUF,SF @ BUF,TOTAL,under,45.0,1.9091,0.545,4.05,1,null,0.0,0.95
2024,13,2024_13_CLE_DEN,CLE @ DEN,SPREAD,DEN,-6.5,1.8929,0.545486,3.26,1,win,0.8929,0.95
2024,14,2024_14_NO_NYG,NO @ NYG,SPREAD,NYG,5.5,1.9524,0.531777,3.82,1,win,0.9523999999999999,0.95
2024,14,2024_14_LV_TB,LV @ TB,SPREAD,TB,-7.0,1.9524,0.527497,2.99,1,win,0.9523999999999999,0.95
2024,14,2024_14_JAX_TEN,JAX @ TEN,SPREAD,JAX,3.0,1.9524,0.533777,4.21,1,win,0.9523999999999999,0.95
2024,14,2024_14_BUF_LA,BUF @ LA,TOTAL,under,49.5,1.9259,0.536626,3.35,1,lose,-1,0.95
2024,15,2024_15_NYJ_JAX,NYJ @ JAX,TOTAL,under,41.5,1.8929,0.547389,3.62,1,lose,-1,0.95
2024,15,2024_15_WAS_NO,WAS @ NO,SPREAD,WAS,-7.5,1.8929,0.547886,3.71,1,lose,-1,0.95
2024,15,2024_15_BUF_DET,BUF @ DET,TOTAL,under,55.5,1.9091,0.545,4.05,1,lose,-1,0.95
2024,15,2024_15_PIT_PHI,PIT @ PHI,TOTAL,under,43.0,1.9091,0.540365,3.16,1,win,0.9091,0.95
2024,16,2024_16_PIT_BAL,PIT @ BAL,SPREAD,BAL,-7.0,1.9524,0.530857,3.64,1,win,0.9523999999999999,0.83
2024,16,2024_16_CLE_CIN,CLE @ CIN,SPREAD,CLE,10.0,1.9259,0.535034,3.04,1,lose,-1,0.95
2024,16,2024_16_TEN_IND,TEN @ IND,SPREAD,IND,-4.0,1.9259,0.530234,2.12,1,win,0.9259,0.95
2024,16,2024_16_LA_NYJ,LA @ NYJ,SPREAD,NYJ,3.0,1.8696,0.550623,2.94,1,lose,-1,0.95
2024,16,2024_16_MIN_SEA,MIN @ SEA,TOTAL,under,43.0,1.8696,0.550961,3.01,1,lose,-1,0.95
2024,16,2024_16_NE_BUF,NE @ BUF,SPREAD,NE,14.0,1.9091,0.54052,3.19,1,win,0.9091,0.95
2024,17,2024_17_BAL_HOU,BAL @ HOU,SPREAD,HOU,5.5,1.8929,0.539726,2.16,1,lose,-1,0.95
2024,17,2024_17_DEN_CIN,DEN @ CIN,SPREAD,DEN,3.5,1.8696,0.554503,3.67,1,lose,-1,0.95
2024,17,2024_17_ARI_LA,ARI @ LA,SPREAD,ARI,6.5,2.0,0.526064,5.21,1,win,1.0,0.95
2024,17,2024_17_NYJ_BUF,NYJ @ BUF,SPREAD,NYJ,10.0,1.9524,0.527257,2.94,1,lose,-1,0.95
2024,17,2024_17_DAL_PHI,DAL @ PHI,SPREAD,DAL,7.5,1.8929,0.541966,2.59,1,lose,-1,0.95
2024,17,2024_17_GB_MIN,GB @ MIN,SPREAD,MIN,1.0,1.8696,0.551023,3.02,1,win,0.8695999999999999,0.95
2024,18,2024_18_CLE_BAL,CLE @ BAL,SPREAD,CLE,19.5,1.9524,0.525857,2.67,1,lose,-1,0.95
2024,18,2024_18_SF_ARI,SF @ ARI,SPREAD,ARI,-4.5,1.9091,0.53792,2.69,1,win,0.9091,0.83
2025,2,2025_02_WAS_GB,WAS @ GB,SPREAD,WAS,3.5,1.8475,0.558438,3.17,1,lose,-1,0.4551
2025,2,2025_02_NE_MIA,NE @ MIA,SPREAD,NE,1.5,1.9091,0.54196,3.47,1,win,0.9091,0.4551
2025,2,2025_02_SEA_PIT,SEA @ PIT,TOTAL,over,40.5,1.8929,0.547389,3.62,1,win,0.8929,0.4551
2025,2,2025_02_DEN_IND,DEN @ IND,TOTAL,under,43.5,1.8929,0.547389,3.62,1,lose,-1,0.4551
2025,3,2025_03_MIA_BUF,MIA @ BUF,TOTAL,under,50.5,1.8929,0.547389,3.62,1,lose,-1,0.4551
2025,3,2025_03_ATL_CAR,ATL @ CAR,SPREAD,CAR,5.5,1.8696,0.554503,3.67,1,win,0.8695999999999999,0.4551
2025,3,2025_03_GB_CLE,GB @ CLE,SPREAD,CLE,8.5,1.8475,0.558438,3.17,1,win,0.8474999999999999,0.4551
2025,3,2025_03_GB_CLE,GB @ CLE,TOTAL,under,41.5,1.8696,0.550961,3.01,1,win,0.8695999999999999,0.4551
2025,3,2025_03_KC_NYG,KC @ NYG,SPREAD,NYG,6.0,1.9524,0.526097,2.72,1,lose,-1,0.4551
2025,3,2025_03_KC_NYG,KC @ NYG,TOTAL,under,44.5,1.9524,0.535349,4.52,1,win,0.9523999999999999,0.4551
2025,4,2025_04_SEA_ARI,SEA @ ARI,TOTAL,under,43.5,1.9259,0.535906,3.21,1,win,0.9259,0.4551
2025,4,2025_04_WAS_ATL,WAS @ ATL,SPREAD,ATL,-2.5,1.9091,0.54136,3.35,1,win,0.9091,0.3351
2025,4,2025_04_CAR_NE,CAR @ NE,SPREAD,CAR,5.5,1.9259,0.538634,3.74,1,lose,-1,0.4551
2025,4,2025_04_IND_LA,IND @ LA,SPREAD,IND,3.5,1.9524,0.525057,2.51,1,lose,-1,0.4551
2025,5,2025_05_MIA_CAR,MIA @ CAR,TOTAL,under,44.5,1.9524,0.533909,4.24,1,lose,-1,0.5551
2025,6,2025_06_DET_KC,DET @ KC,SPREAD,KC,-2.5,1.8696,0.547143,2.29,1,win,0.8695999999999999,0.95
2025,7,2025_07_LV_KC,LV @ KC,TOTAL,under,44.5,1.8696,0.550961,3.01,1,win,0.8695999999999999,0.95
2025,8,2025_08_MIA_ATL,MIA @ ATL,SPREAD,MIA,7.0,1.8696,0.554503,3.67,1,win,0.8695999999999999,0.95
2025,8,2025_08_CLE_NE,CLE @ NE,SPREAD,NE,-7.0,1.9524,0.535857,4.62,1,win,0.9523999999999999,0.95
2025,9,2025_09_CAR_GB,CAR @ GB,SPREAD,CAR,12.5,1.9804,0.529282,4.82,1,win,0.9803999999999999,0.95
2025,9,2025_09_CAR_GB,CAR @ GB,TOTAL,under,43.5,1.8696,0.550961,3.01,1,win,0.8695999999999999,0.95
2025,9,2025_09_DEN_HOU,DEN @ HOU,SPREAD,HOU,-1.5,1.9091,0.53828,2.76,1,lose,-1,0.95
2025,9,2025_09_ATL_NE,ATL @ NE,SPREAD,NE,-5.5,1.9091,0.53716,2.55,1,lose,-1,0.95
2025,9,2025_09_JAX_LV,JAX @ LV,SPREAD,JAX,-2.5,1.9524,0.533577,4.18,1,lose,-1,0.83
2025,11,2025_11_SF_ARI,SF @ ARI,SPREAD,SF,-3.5,1.9524,0.525737,2.64,1,win,0.9523999999999999,0.95
2025,11,2025_11_SEA_LA,SEA @ LA,TOTAL,under,49.5,1.9524,0.539039,5.24,1,win,0.9523999999999999,0.95
2025,11,2025_11_KC_DEN,KC @ DEN,TOTAL,under,44.5,1.9091,0.545,4.05,1,win,0.9091,0.95
2025,12,2025_12_MIN_GB,MIN @ GB,TOTAL,under,41.5,1.8929,0.544149,3.0,1,win,0.8929,0.95
2025,13,2025_13_KC_DAL,KC @ DAL,SPREAD,DAL,3.5,1.8696,0.548063,2.47,1,win,0.8695999999999999,0.95
2025,13,2025_13_KC_DAL,KC @ DAL,TOTAL,under,53.5,1.9091,0.545,4.05,1,lose,-1,0.95
2025,13,2025_13_ATL_NYJ,ATL @ NYJ,SPREAD,NYJ,3.0,1.9259,0.542634,4.51,1,win,0.9259,0.95
2025,13,2025_13_BUF_PIT,BUF @ PIT,TOTAL,under,44.5,1.8929,0.547389,3.62,1,win,0.8929,0.95
2025,14,2025_14_SEA_ATL,SEA @ ATL,SPREAD,ATL,7.0,1.8333,0.560696,2.79,1,lose,-1,0.95
2025,14,2025_14_WAS_MIN,WAS @ MIN,TOTAL,under,43.5,1.9804,0.535432,6.04,1,win,0.9803999999999999,0.95
2025,14,2025_14_PHI_LAC,PHI @ LAC,TOTAL,under,41.5,1.9524,0.532154,3.9,1,win,0.9523999999999999,0.95
2025,15,2025_15_ATL_TB,ATL @ TB,SPREAD,ATL,6.0,1.8929,0.540526,2.32,1,win,0.8929,0.95
2025,15,2025_15_ARI_HOU,ARI @ HOU,SPREAD,HOU,-10.5,1.9091,0.537,2.52,1,win,0.9091,0.95
2025,15,2025_15_LAC_KC,LAC @ KC,TOTAL,under,41.5,1.9259,0.542611,4.5,1,win,0.9259,0.95
2025,15,2025_15_WAS_NYG,WAS @ NYG,SPREAD,NYG,-2.5,1.8696,0.554503,3.67,1,lose,-1,0.83
2025,16,2025_16_LA_SEA,LA @ SEA,TOTAL,over,42.5,1.8696,0.550961,3.01,1,win,0.8695999999999999,0.95
2025,16,2025_16_BUF_CLE,BUF @ CLE,SPREAD,BUF,-10.5,1.9091,0.53748,2.61,1,lose,-1,0.83
2025,16,2025_16_PIT_DET,PIT @ DET,SPREAD,PIT,7.5,1.9524,0.532577,3.98,1,win,0.9523999999999999,0.95
2025,18,2025_18_NO_ATL,NO @ ATL,SPREAD,ATL,-4.5,1.9524,0.528697,3.22,1,lose,-1,0.95
2025,18,2025_18_IND_HOU,IND @ HOU,TOTAL,under,37.5,1.9259,0.540271,4.05,1,lose,-1,0.83
2025,18,2025_18_DAL_NYG,DAL @ NYG,SPREAD,NYG,3.0,1.9524,0.528817,3.25,1,win,0.9523999999999999,0.95
2025,18,2025_18_NYJ_BUF,NYJ @ BUF,SPREAD,BUF,-12.5,1.9259,0.543154,4.61,1,win,0.9259,0.95
2025,18,2025_18_LAC_DEN,LAC @ DEN,TOTAL,over,37.5,1.8696,0.550961,3.01,1,lose,-1,0.95
